event0  attr2,event0  attr1,probability
4,-1,0.0
4,4,0.12493210211841183
4,5,0.08202064095600098
4,6,0.11569799022270316
4,7,0.13796849538294173
4,8,0.139598044541008
4,9,0.008690928843020375
4,10,0.004888647474199148
4,11,0.016838674633351546
4,12,0.013036393264530334
4,13,0.015209125475285334
4,14,0.02009777294948402
4,15,0.007604562737642881
4,16,0.004888647474199148
4,17,0.008147745790331616
4,18,0.007061379684954135
4,19,0.007604562737642881
4,20,0.010320478001086606
4,21,0.005431830526887884
4,22,0.015752308527974084
4,23,0.009777294948397837
4,24,0.008690928843020378
4,25,0.017381857686040295
4,26,0.00651819663226538
4,27,0.007061379684954135
4,28,0.013036393264530325
4,29,0.0048886474741991455
4,30,0.004888647474199148
4,31,0.015209125475285325
4,32,0.023900054318305237
4,33,0.00651819663226538
4,34,0.010320478001086606
4,35,0.0
4,36,0.008147745790331616
4,37,0.012493210211841587
4,38,0.00977729494839784
4,39,0.01412275936990782
4,40,0.015209125475285334
4,41,0.007061379684954137
4,42,0.008690928843020378
4,43,0.003259098316132915
4,44,0.0
4,45,0.004345464421510403
4,46,0.010320478001086606
4,47,0.02281368821292775
4,48,0.007604562737642881
4,49,0.0021727322107554254
5,-1,0.0
5,4,0.05390781563126182
5,5,0.051102204408817034
5,6,0.06072144288577068
5,7,0.06292585170340599
5,8,0.04609218436873698
5,9,0.058116232464929134
5,10,0.012825651302605398
5,11,0.009819639278557342
5,12,0.012224448897795785
5,13,0.010821643286573363
5,14,0.01883767535070146
5,15,0.012424849699398994
5,16,0.00661322645290612
5,17,0.012625250501002199
5,18,0.009218436873747756
5,19,0.015030060120240614
5,20,0.012825651302605398
5,21,0.012024048096192579
5,22,0.014028056112224609
5,23,0.01643286573146303
5,24,0.011623246492986194
5,25,0.011022044088176555
5,26,0.020641282565130287
5,27,0.017635270541082246
5,28,0.018236472945891848
5,29,0.02484969939879752
5,30,0.032865731462925624
5,31,0.016232464929859827
5,32,0.019438877755511078
5,33,0.022244488977955897
5,34,0.01523046092184383
5,35,0.02164328657314628
5,36,0.012424849699398994
5,37,0.021442885771543078
5,38,0.021643286573146292
5,39,0.017034068136272645
5,40,0.015430861723447027
5,41,0.024248496993987918
5,42,0.019038076152304666
5,43,0.02164328657314628
5,44,0.01462925851703424
5,45,0.012024048096192584
5,46,0.019438877755511088
5,47,0.019038076152304666
5,48,0.0218436873747495
5,49,0.019839679358717457
6,-1,0.0
6,4,0.026646205357142738
6,5,0.06040736607142774
6,6,0.0405970982142853
6,7,0.04003906249999963
6,8,0.047712053571428055
6,9,0.0394810267857139
6,10,0.05594308035714215
6,11,0.022739955357142825
6,12,0.012974330357143028
6,13,0.01771763392857151
6,14,0.018694196428571494
6,15,0.02008928571428573
6,16,0.011718750000000187
6,17,0.014090401785714404
6,18,0.02399553571428564
6,19,0.014508928571428695
6,20,0.013532366071428721
6,21,0.012974330357143023
6,22,0.011160714285714489
6,23,0.011160714285714479
6,24,0.007812500000000288
6,25,0.021344866071428565
6,26,0.01939174107142861
6,27,0.013113839285714433
6,28,0.018694196428571487
6,29,0.016322544642857248
6,30,0.01729910714285723
6,31,0.01799665178571434
6,32,0.02218191964285712
6,33,0.01994977678571431
6,34,0.01409040178571441
6,35,0.016462053571428676
6,36,0.021763392857142842
6,37,0.017857142857142926
6,38,0.025251116071428506
6,39,0.022042410714285695
6,40,0.016741071428571532
6,41,0.02553013392857136
6,42,0.021065848214285744
6,43,0.016880580357142957
6,44,0.016322544642857255
6,45,0.017857142857142936
6,46,0.018275669642857213
6,47,0.020786830357142867
6,48,0.025530133928571345
6,49,0.013253348214285884
7,-1,0.0
7,4,0.028142050349382462
7,5,0.017134105484828268
7,6,0.028620656647841334
7,7,0.03857566765578604
7,8,0.035416866085957406
7,9,0.037714176318560035
7,10,0.04479754953575146
7,11,0.04508471331482676
7,12,0.017516990523595375
7,13,0.021441562170958182
7,14,0.019239973198047343
7,15,0.02038862831434865
7,16,0.01407102517469144
7,17,0.02048434957404041
7,18,0.020962955872499297
7,19,0.018187039341437797
7,20,0.014166746434383214
7,21,0.017899875562362486
7,22,0.017516990523595385
7,23,0.01732554800421181
7,24,0.017899875562362496
7,25,0.01895280941897201
7,26,0.018761366899588478
7,27,0.02019718579496508
7,28,0.024887527519862084
7,29,0.01703838422513649
7,30,0.02613190389585519
7,31,0.018665645639896682
7,32,0.017421269263903597
7,33,0.01847420312051314
7,34,0.02115439839188285
7,35,0.01598545036852695
7,36,0.018569924380204914
7,37,0.017229826744520046
7,38,0.023260266105101922
7,39,0.01971857949650621
7,40,0.020771513353115733
7,41,0.014453910213458536
7,42,0.01971857949650622
7,43,0.01895280941897201
7,44,0.018665645639896693
7,45,0.019335694457739104
7,46,0.01904853067866379
7,47,0.023355987364793687
7,48,0.01847420312051313
7,49,0.018187039341437797
8,-1,0.0
8,4,0.019654024202062904
8,5,0.016649070088524422
8,6,0.022496548363518203
8,7,0.023227483147892435
8,8,0.040201413140582745
8,9,0.025826362381223007
8,10,0.03938926338016695
8,11,0.026800942093721997
8,12,0.03467879476975526
8,13,0.01746121984894022
8,14,0.02022252903435396
8,15,0.01396897587915225
8,16,0.015674490376025477
8,17,0.021278323722894496
8,18,0.02103467879476975
8,19,0.02135953869893607
8,20,0.020060099082270792
8,21,0.01380654592706912
8,22,0.01673028506456602
8,23,0.01405019085519388
8,24,0.019166734345813407
8,25,0.017867294729148112
8,26,0.021765613579143986
8,27,0.020872248842686583
8,28,0.02054738893852027
8,29,0.01567449037602547
8,30,0.024932997644765614
8,31,0.01884187444164709
8,32,0.01941037927393816
8,33,0.02412084788434983
8,34,0.023633558028100327
8,35,0.020466173962478698
8,36,0.019166734345813397
8,37,0.022821408267684515
8,38,0.022334118411435067
8,39,0.018029724681231284
8,40,0.022821408267684525
8,41,0.012182246406237518
8,42,0.02810038171038725
8,43,0.022009258507268727
8,44,0.02542028750101513
8,45,0.019978884106229233
8,46,0.02249654836351821
8,47,0.022902623243726123
8,48,0.018679444489563917
8,49,0.031186550799967305
9,-1,0.0
9,4,0.015618252483086343
9,5,0.012523391391967929
9,6,0.014826543831870022
9,7,0.01576219951058023
9,8,0.008852742190874023
9,9,0.016266014106808793
9,10,0.035123074708506986
9,11,0.0274938822513314
9,12,0.03037282280120896
9,13,0.029940981718727357
9,14,0.015114437886857773
9,15,0.019216928170433314
9,16,0.02015258384914354
9,17,0.018641140060457806
9,18,0.021160213041600696
9,19,0.01453864977688226
9,20,0.025838491435151777
9,21,0.0220958687203109
9,22,0.023463365481502768
9,23,0.020512451417878226
9,24,0.022311789261551727
9,25,0.022815603857780305
9,26,0.02432704764646603
9,27,0.01943284871167414
9,28,0.021088239527853738
9,29,0.017633510868000652
9,30,0.025982438462645658
9,31,0.021664027637829267
9,32,0.025694544407657897
9,33,0.022311789261551727
9,34,0.022311789261551727
9,35,0.028861379012523242
9,36,0.023031524399021126
9,37,0.026126385490139525
9,38,0.02310349791276808
9,39,0.020296530876637423
9,40,0.025766517921404844
9,41,0.024111127105225234
9,42,0.023535338995249695
9,43,0.022383762775298667
9,44,0.022527709802792555
9,45,0.02648625305887423
9,46,0.01741759032675984
9,47,0.020512451417878236
9,48,0.02454296818770684
9,49,0.018209298977976154
10,-1,0.0
10,4,0.009462119768845102
10,5,0.008446053216485956
10,6,0.01606655235917964
10,7,0.010414682161681852
10,8,0.012891344383057295
10,9,0.013653394297326635
10,10,0.015685527402044985
10,11,0.013716898456849088
10,12,0.029783450816028307
10,13,0.03473677525877922
10,14,0.02552867212802431
10,15,0.018035181304375508
10,16,0.022543976630469288
10,17,0.021146885120975425
10,18,0.024385597256620244
10,19,0.01797167714485307
10,20,0.02267098494951418
10,21,0.021464405918587667
10,22,0.02978345081602832
10,23,0.02159141423763257
10,24,0.018479710421032657
10,25,0.02330602654473865
10,26,0.019432272813869354
10,27,0.025846192925636547
10,28,0.02667174699942838
10,29,0.02991045913507319
10,30,0.026417730361338567
10,31,0.02292500158760394
10,32,0.01816218962342041
10,33,0.03118054232552216
10,34,0.027433796913697735
10,35,0.022353464151901942
10,36,0.01949577697339179
10,37,0.020956372642408096
10,38,0.017717660506763298
10,39,0.020829364323363193
10,40,0.02248047247094685
10,41,0.023242522385216215
10,42,0.030037467454118092
10,43,0.018924239537689774
10,44,0.022861497428081516
10,45,0.029211913380326273
10,46,0.021273893440020328
10,47,0.0249571346923223
10,48,0.02248047247094684
10,49,0.023433034863783533
11,-1,0.0
11,4,0.011406176883481745
11,5,0.011991109031352573
11,6,0.012049602246139636
11,7,0.014974262985493852
11,8,0.014974262985493852
11,9,0.01643659335517091
11,10,0.01415535797847465
11,11,0.011289190453907541
11,12,0.011640149742630057
11,13,0.00982686008423047
11,14,0.029656059897051782
11,15,0.025386055217594676
11,16,0.020823584464202183
11,17,0.019185774450163826
11,18,0.02649742629854926
11,19,0.02339728591483383
11,20,0.018308376228357584
11,21,0.019712213383247582
11,22,0.020238652316331353
11,23,0.021291530182498845
11,24,0.025093589143659258
11,25,0.021817969115582585
11,26,0.024040711277491772
11,27,0.026321946654188
11,28,0.026906878802058845
11,29,0.027199344875994274
11,30,0.021057557323350504
11,31,0.02930510060832925
11,32,0.02018015910154425
11,33,0.02994852597098719
11,34,0.02696537201684594
11,35,0.018191389798783406
11,36,0.022812353766963018
11,37,0.027316331305568417
11,38,0.02608797379503968
11,39,0.022168928404305076
11,40,0.02088207767898926
11,41,0.023046326626111342
11,42,0.0257370145063172
11,43,0.023748245203556333
11,44,0.029539073467477618
11,45,0.026438933083762193
11,46,0.025269068788020526
11,47,0.027433317735142602
11,48,0.02363125877398217
11,49,0.02562002807674301
12,-1,0.0
12,4,0.010831679982841116
12,5,0.011743257011100001
12,6,0.010724435626575386
12,7,0.009330258995120633
12,8,0.011528768298568477
12,9,0.012225856614295871
12,10,0.011207035229771237
12,11,0.01222585661429588
12,12,0.013244677998820504
12,13,0.010831679982841121
12,14,0.013673655423883475
12,15,0.01383452195828209
12,16,0.0006434661375949402
12,17,0.019732961552898325
12,18,0.023057536597136545
12,19,0.019143117593436693
12,20,0.017963429674513455
12,21,0.02675746688830489
12,22,0.028687865301088408
12,23,0.017748940961981947
12,24,0.02509517936618581
12,25,0.025685023325647392
12,26,0.030939996782669118
12,27,0.0229502922408708
12,28,0.02675746688830489
12,29,0.02439809105045842
12,30,0.02568502332564741
12,31,0.0261140007507104
12,32,0.02879510965735412
12,33,0.02841975441042402
12,34,0.02198509303447908
12,35,0.022896670062737913
12,36,0.02933133143868287
12,37,0.032977639551718355
12,38,0.024076357981661172
12,39,0.03018928628880888
12,40,0.027347310847766527
12,41,0.030725508070137627
12,42,0.026167622928843278
12,43,0.024880690653654267
12,44,0.026435733819507663
12,45,0.03190519598906091
12,46,0.02477344629738855
12,47,0.024987935009920047
12,48,0.03480079360823608
12,49,0.026542978175773398
13,-1,0.0
13,4,0.006526616357332547
13,5,0.01417499490108109
13,6,0.01417499490108109
13,7,0.00795431368549895
13,8,0.01274729757291473
13,9,0.011268611054456652
13,10,0.012645319192331438
13,11,0.01351213542728958
13,12,0.010350805629206851
13,13,0.010860697532123403
13,14,0.014990821945747648
13,15,0.010044870487456907
13,16,0.010503773200081841
13,17,0.0012237405670002123
13,18,0.0014276973281668439
13,19,0.026769324903120437
13,20,0.02212930858657965
13,21,0.022996124821537817
13,22,0.021619416683663087
13,23,0.022996124821537817
13,24,0.026565368141953823
13,25,0.02529063838466238
13,26,0.021772384254538056
13,27,0.027840097899245242
13,28,0.03355088721191084
13,29,0.025392616765245683
13,30,0.02493371405262078
13,31,0.029828676320619866
13,32,0.026565368141953812
13,33,0.02447481133999587
13,34,0.025749541097287287
13,35,0.024984703242912427
13,36,0.02452580053028752
13,37,0.031205384458494606
13,38,0.027330205996328672
13,39,0.027381195186620327
13,40,0.02962471955945324
13,41,0.02799306547012022
13,42,0.03344890883132753
13,43,0.026412400571078833
13,44,0.02947175198857826
13,45,0.03574342239445211
13,46,0.03202121150316114
13,47,0.028553946563328454
13,48,0.035692433204160406
13,49,0.024729757291454147
14,-1,0.0
14,4,0.010834461923117196
14,5,0.009896864256693646
14,6,0.011719970830295048
14,7,0.011719970830295053
14,8,0.009428065423481851
14,9,0.011980414626523791
14,10,0.012136680904261074
14,11,0.011511615793311988
14,12,0.009428065423481851
14,13,0.010469840608396947
14,14,0.011563704552557787
14,15,0.009740597978956383
14,16,0.010574018126888443
14,17,0.0004167100739664728
14,18,0.0005208875924579808
14,19,0.00015626627773770516
14,20,0.0023439941660593584
14,21,0.0007292426294409957
14,22,0.027086154807792383
14,23,0.030263569121783303
14,24,0.028127929992707423
14,25,0.029273882696113994
14,26,0.031774143139910206
14,27,0.030524012918012072
14,28,0.02375247421606411
14,29,0.03406604854672332
14,30,0.03213876445463046
14,31,0.029638504010834277
14,32,0.027919574955724405
14,33,0.032347119491613494
14,34,0.0280758412334617
14,35,0.027815397437232884
14,36,0.03896239191582417
14,37,0.029794770288571536
14,38,0.025888113345140004
14,39,0.0334409834357743
14,40,0.028180018751953185
14,41,0.03354516095426584
14,42,0.02646108969684332
14,43,0.03823314928638362
14,44,0.030367746640274845
14,45,0.030003125325554554
14,46,0.029482237733097036
14,47,0.03427440358370635
14,48,0.031044900510469608
14,49,0.03234711949161348
15,-1,0.0
15,4,0.01289629231595936
15,5,0.012573885008060377
15,6,0.00886620096722219
15,7,0.009725953788286116
15,8,0.009672219236969624
15,9,0.013272434175174807
15,10,0.0131112305212253
15,11,0.010854379365932518
15,12,0.01106931757119849
15,13,0.01058570660935002
15,14,0.0134873723804408
15,15,0.011552928533046966
15,16,0.014347125201504723
15,17,0.013648576034390266
15,18,0.0015045674368623174
15,19,0.0020956475013437625
15,20,0.0007522837184313802
15,21,0.0001612036539499307
15,22,0.0005910800644818933
15,23,0.001182160128963342
15,24,0.00085975282106437
15,25,0.000644814615798389
15,26,0.03745298226759775
15,27,0.03369156367544305
15,28,0.027780763030628573
15,29,0.03057495969908634
15,30,0.03170338527673274
15,31,0.036754433100483305
15,32,0.036539494895217316
15,33,0.0372380440623318
15,34,0.03224073078989769
15,35,0.029876410531971872
15,36,0.03954862976894106
15,37,0.03444384739387401
15,38,0.028049435787211054
15,39,0.03750671681891422
15,40,0.039494895217624594
15,41,0.029285330467490468
15,42,0.03756045137023073
15,43,0.03487372380440597
15,44,0.03293927995701214
15,45,0.030897367006985317
15,46,0.03809779688339572
15,47,0.04255776464266481
15,48,0.038796346050510085
15,49,0.0286405158516925
16,-1,0.0
16,4,0.012893483563712593
16,5,0.013474271111627505
16,6,0.013532349866419022
16,7,0.014984318736206405
16,8,0.013706586130793532
16,9,0.009699152050180296
16,10,0.012777326054129588
16,11,0.01794633523057272
16,12,0.012428853525380607
16,13,0.012370774770589132
16,14,0.014752003717040432
16,15,0.013416192356836018
16,16,0.012196538506214643
16,17,0.01097688465559319
16,18,0.0013938901149963506
16,19,0.00034847252874942
16,20,0.0015100476245793434
16,21,0.0011034963410388682
16,22,0.0026135439656177714
16,23,0.0026135439656177688
16,24,0.0010454175862473739
16,25,0.0015100476245793423
16,26,0.0004646300383324119
16,27,0.0008131025670813886
16,28,0.0012777326054133585
16,29,0.03635730049947698
16,30,0.03705424555697495
16,31,0.035486119177604546
16,32,0.03798350563363884
16,33,0.037518875595306894
16,34,0.03333720525031919
16,35,0.02909745615053996
16,36,0.03368567777906817
16,37,0.03374375653385965
16,38,0.03769311185968138
16,39,0.04117783714717111
16,40,0.03577651295156203
16,41,0.03293065396677871
16,42,0.048960390289231666
16,43,0.041874782204669114
16,44,0.043500987338830996
16,45,0.04309443605529055
16,46,0.033221047740736205
16,47,0.03960971076780077
16,48,0.04413985364153742
16,49,0.0439075386223715
17,-1,0.0
17,4,0.018832056080318474
17,5,0.01247549456424899
17,6,0.017822135091784066
17,7,0.009445731598645793
17,8,0.012000237628468087
17,9,0.009920988534426656
17,10,0.012534901681221615
17,11,0.007782332323412629
17,12,0.009505138715618387
17,13,0.01419830095645475
17,14,0.015505257529852224
17,15,0.015624071763797442
17,16,0.015921107348660493
17,17,0.01378245113764646
17,18,0.011822016277550227
17,19,0.0
17,20,0.00047525693578134116
17,21,0.001663399275233581
17,22,0.0006534782866991769
17,23,0.0026139131467953778
17,24,0.0021386562110144824
17,25,0.0003564427018361166
17,26,0.0005940711697265639
17,27,0.001663399275233581
17,28,0.0009505138715622379
17,29,0.0015445850412883553
17,30,0.00047525693578134116
17,31,0.00023762846789089287
17,32,0.0015445850412883553
17,33,0.04972375690607679
17,34,0.04223846016752766
17,35,0.050139606724885065
17,36,0.04924849997029589
17,37,0.045743480068911734
17,38,0.04289193845422639
17,39,0.04693162240836397
17,40,0.05150597041525514
17,41,0.04889205726846023
17,42,0.04847620744965194
17,43,0.046159329887720035
17,44,0.04402067367670602
17,45,0.04093150359413018
17,46,0.040634468009267136
17,47,0.046396958355610515
17,48,0.04972375690607676
17,49,0.04425830214459644
18,-1,0.0
18,4,0.01512848853274398
18,5,0.019066040342636127
18,6,0.01602652666482464
18,7,0.013539651837524364
18,8,0.014714009394860611
18,9,0.013470571981210424
18,10,0.018237082066869362
18,11,0.016717325227963622
18,12,0.018444321635811053
18,13,0.016717325227963622
18,14,0.01409229068803554
18,15,0.008773141751865407
18,16,0.012917933130699246
18,17,0.015819287095882952
18,18,0.015681127383255153
18,19,0.0010361978447089042
18,20,0.0023487151146729533
18,21,0.0009671179883950088
18,22,0.00027631942525603494
18,23,0.0006217187068255213
18,24,0.001588836695220087
18,25,0.0006217187068255213
18,26,0.0005526388505116243
18,27,0.0017269964078478776
18,28,0.001588836695220086
18,29,0.0008289582757672119
18,30,0.0019342359767895753
18,31,0.0017960762641617749
18,32,0.0013125172699644935
18,33,0.0007598784194533162
18,34,0.0012434374136505973
18,35,0.0006907985631394181
18,36,0.0011052777010228034
18,37,0.0648659850787501
18,38,0.05353688864327097
18,39,0.06155015197568303
18,40,0.05657640232108244
18,41,0.05864879801049938
18,42,0.06673114119922542
18,43,0.05526388505111841
18,44,0.050635534678087235
18,45,0.055954683614257414
18,46,0.06092843326885799
18,47,0.05913235700469669
18,48,0.05415860735009605
18,49,0.051671732522795714
19,-1,0.0
19,4,0.017999831777273188
19,5,0.02144839767852636
19,6,0.020523172680629167
19,7,0.013457818151232401
19,8,0.015981159054588398
19,9,0.0135419295146776
19,10,0.018336277231053976
19,11,0.02094372949785517
19,12,0.020439061317183975
19,13,0.023382959037765955
19,14,0.0163176045083692
19,15,0.021196063588190768
19,16,0.020354949953738766
19,17,0.01202792497266402
19,18,0.015476490873917198
19,19,0.01858861132138957
19,20,0.0007570022710072413
19,21,0.0011775590882332407
19,22,0.0022710068130208398
19,23,0.0007570022710072408
19,24,0.002523340903356432
19,25,0.00269156363024683
19,26,0.002775674993692036
19,27,0.0020186727226852324
19,28,0.0018504499957948356
19,29,0.0027756749936920346
19,30,0.0016822272689044381
19,31,0.0004205568172264416
19,32,0.0018504499957948356
19,33,0.003196231810918035
19,34,0.0031121204474728395
19,35,0.00269156363024683
19,36,0.0030280090840276307
19,37,0.002355118176466033
19,38,0.0005887795441168413
19,39,0.0031962318109180336
19,40,0.0018504499957948367
19,41,0.07822356800403617
19,42,0.06325174531079064
19,43,0.07721423164269378
19,44,0.07401799983177618
19,45,0.07704600891580338
19,46,0.07435444528555699
19,47,0.08125157708806334
19,48,0.07729834300613896
19,49,0.0637564134914618
20,-1,0.0
20,4,0.021511696250146935
20,5,0.031268367226989335
20,6,0.021394145997413915
20,7,0.026331256612201617
20,8,0.023274950041142554
20,9,0.022216997766545184
20,10,0.018808040437287017
20,11,0.025743505348536422
20,12,0.02303984953567648
20,13,0.028564711414129404
20,14,0.03056306571059109
20,15,0.025155754084871196
20,16,0.03232631950158672
20,17,0.024332902315739913
20,18,0.02691900787586683
20,19,0.02104149523921477
20,20,0.003291407076525587
20,21,0.0027036558128603868
20,22,0.001763253790996061
20,23,0.0018808040437290996
20,24,0.003056306571059515
20,25,0.0024685553073943017
20,26,0.0007053015163986914
20,27,0.001998354296462138
20,28,0.003996708592923834
20,29,0.0
20,30,0.004349359351122968
20,31,0.0049371106147881715
20,32,0.00047020101093260807
20,33,0.0034089573292586336
20,34,0.0021159045491951794
20,35,0.0030563065710595134
20,36,0.004231809098389913
20,37,0.0032914070765255854
20,38,0.0010579522745978135
20,39,0.0029387563183264683
20,40,0.0022334548019282184
20,41,0.0003526507581995669
20,42,0.0007053015163986914
20,43,0.001057952274597813
20,44,0.0023510050546612614
20,45,0.12566122017162137
20,46,0.09262959915363674
20,47,0.11226049136005459
20,48,0.10603032796520341
20,49,0.10250382038321215
21,-1,0.0
21,4,0.053342336259283564
21,5,0.052667116812963516
21,6,0.04839072698626993
21,7,0.05626828719333709
21,8,0.060319603871257337
21,9,0.04321404456448299
21,10,0.049291019581363366
21,11,0.04974116587891004
21,12,0.05716857978843046
21,13,0.05041638532523008
21,14,0.0499662390276834
21,15,0.03398604546477578
21,16,0.04321404456448301
21,17,0.05446770200315028
21,18,0.049516092730136664
21,19,0.06121989646635067
21,20,0.05716857978843046
21,21,0.005626828719334102
21,22,0.0020256583389605637
21,23,0.0031510240828272955
21,24,0.008552779653387622
21,25,0.008327706504614256
21,26,0.004726536124240723
21,27,0.0018005851901872175
21,28,0.00225073148773391
21,29,0.002025658338960562
21,30,0.006076975016880821
21,31,0.003826243529147342
21,32,0.003376097231600641
21,33,0.008327706504614259
21,34,0.0015755120414138713
21,35,0.004726536124240721
21,36,0.00810263335584092
21,37,0.0072023407607475385
21,38,0.005176682421787429
21,39,0.004726536124240721
21,40,0.003151024082827297
21,41,0.0038262435291473436
21,42,0.005176682421787429
21,43,0.00225073148773391
21,44,0.0063020481656541555
21,45,0.0024758046365072604
21,46,0.0015755120414138713
21,47,0.006527121314427494
21,48,0.0018005851901872175
21,49,0.004951609273014063
22,-1,0.0
22,4,0.039202945635693806
22,5,0.0643274853801161
22,6,0.03660385531730527
22,7,0.05328135152696493
22,8,0.047216807450725075
22,9,0.04959930690924784
22,10,0.05284816980723352
22,11,0.05198180636777064
22,12,0.055880441845353415
22,13,0.05479748754602492
22,14,0.04570067143166509
22,15,0.06670998483863887
22,16,0.05479748754602492
22,17,0.05479748754602489
22,18,0.04764998917045646
22,19,0.05241498808750205
22,20,0.05631362356508483
22,21,0.009313406974225953
22,22,0.003465453757851786
22,23,0.005631362356508874
22,24,0.004115226337448921
22,25,0.0019493177387918293
22,26,0.006930907515703144
22,27,0.0
22,28,0.002599090318388953
22,29,0.005631362356508874
22,30,0.008663634394628804
22,31,0.0015161360190604114
22,32,0.004764998917046045
22,33,0.003898635477583214
22,34,0.003465453757851784
22,35,0.0023824994585232434
22,36,0.00043318171973186247
22,37,0.004548408057180339
22,38,0.004764998917046048
22,39,0.0015161360190604114
22,40,0.00021659085986615274
22,41,0.004764998917046048
22,42,0.006714316655837449
22,43,0.004331817197314634
22,44,0.001516136019060412
22,45,0.0030322720381203714
22,46,0.008447043534763086
22,47,0.00021659085986615274
22,48,0.006281134936105998
22,49,0.004764998917046045
23,-1,0.0
23,4,0.04337242752821377
23,5,0.04337242752821377
23,6,0.05067492808143331
23,7,0.04514273069263065
23,8,0.0663863686656331
23,9,0.039389245408275805
23,10,0.052002655454746055
23,11,0.0466917459614954
23,12,0.041823412259349026
23,13,0.05001106439477706
23,14,0.057977428634652974
23,15,0.04735560964815173
23,16,0.05908386811241349
23,17,0.033193184332816775
23,18,0.049125912812568596
23,19,0.041823412259349005
23,20,0.057977428634652974
23,21,0.0489046249170165
23,22,0.0011064394777609875
23,23,0.004868333702146834
23,24,0.004647045806594727
23,25,0.0066386368665636965
23,26,0.008187652135428465
23,27,0.0035406063288341847
23,28,0.005532197388803161
23,29,0.00199159105996942
23,30,0.003983182119938405
23,31,0.0037618942243862964
23,32,0.00420447001549051
23,33,0.0
23,34,0.0013277273733130978
23,35,0.00575348528435528
23,36,0.0028767426421778554
23,37,0.0073025005532200435
23,38,0.009957955299845353
23,39,0.005310909493251059
23,40,0.005974773179907391
23,41,0.0017703031644173187
23,42,0.0026554547466257523
23,43,0.003098030537729972
23,44,0.009294091613189025
23,45,0.0017703031644173187
23,46,0.007081212657667918
23,47,0.006859924762115813
23,48,0.002655454746625751
23,49,0.0035406063288341847
24,-1,0.0
24,4,0.03516388105057489
24,5,0.059040590405903245
24,6,0.055133492511395
24,7,0.05556761449967374
24,8,0.060560017364878725
24,9,0.054265248534837586
24,10,0.042761015845452194
24,11,0.06012589537660002
24,12,0.03798567397438647
24,13,0.04688517473409981
24,14,0.03928803993922259
24,15,0.04645105274582109
24,16,0.050792272628608054
24,17,0.05817234642934591
24,18,0.0460169307575424
24,19,0.04471456479270627
24,20,0.04341219882787023
24,21,0.04362925982200952
24,22,0.003038853917951332
24,23,0.005426524853484159
24,24,0.0023876709355332825
24,25,0.0026047319296726235
24,26,0.00803125678315634
24,27,0.004124158888648063
24,28,0.0008682439765578377
24,29,0.0032559149120906716
24,30,0.0008682439765578382
24,31,0.0032559149120906716
24,32,0.006728890818320255
24,33,0.0019535489472545854
24,34,0.0013023659648365403
24,35,0.0028217929238119827
24,36,0.004775341871066112
24,37,0.005426524853484159
24,38,0.002604731929672625
24,39,0.008031256783156337
24,40,0.005426524853484162
24,41,0.007597134794877651
24,42,0.00824831777729569
24,43,0.009550683742131773
24,44,0.006294768830041566
24,45,0.003690036900369379
24,46,0.0006511829824184905
24,47,0.002604731929672625
24,48,0.00499240286520547
24,49,0.0034729759062300195
25,-1,0.0
25,4,0.04120707596253862
25,5,0.03163371488033275
25,6,0.052653485952132505
25,7,0.03995837669094653
25,8,0.07117585848074819
25,9,0.049115504682621616
25,10,0.06368366285119577
25,11,0.04828303850156032
25,12,0.052445369406867184
25,13,0.03433922996878226
25,14,0.05140478668054047
25,15,0.03975026014568117
25,16,0.03808532778355846
25,17,0.03995837669094651
25,18,0.06118626430801161
25,19,0.04640998959417219
25,20,0.05556711758584738
25,21,0.045993756503641514
25,22,0.04162330905306932
25,23,0.0006243496357964766
25,24,0.006035379812695434
25,25,0.007492195629552845
25,26,0.00124869927159251
25,27,0.00437044745057268
25,28,0.0024973985431845707
25,29,0.0027055150884499187
25,30,0.00395421436004198
25,31,0.0031217481789806052
25,32,0.003954214360041978
25,33,0.0022892819979192327
25,34,0.0004162330905311321
25,35,0.00437044745057268
25,36,0.0035379812695112934
25,37,0.002289281997919232
25,38,0.00270551508844992
25,39,0.0027055150884499187
25,40,0.0041623309053073305
25,41,0.0041623309053073305
25,42,0.0002081165452657883
25,43,0.0012486992715925094
25,44,0.0041623309053073305
25,45,0.0041623309053073305
25,46,0.005827263267430091
25,47,0.003746097814776638
25,48,0.0058272632674300886
25,49,0.007700312174818178
26,-1,0.0
26,4,0.04932834177493886
26,5,0.05197093151288204
26,6,0.04888791015194834
26,7,0.04976877339792939
26,8,0.03545474565073747
26,9,0.04888791015194834
26,10,0.04250165161858582
26,11,0.03435366659326117
26,12,0.04624532041400524
26,13,0.04910812596344364
26,14,0.04954855758643417
26,15,0.045364457168024196
26,16,0.04294208324157634
26,17,0.04866769434045307
26,18,0.030389781986346454
26,19,0.04690596784849099
26,20,0.06033913234970196
26,21,0.04228143580709053
26,22,0.050209205020919995
26,23,0.005725611098877226
26,24,0.0
26,25,0.0037436687954198766
26,26,0.0013212948689720113
26,27,0.008808632459810894
26,28,0.0028628055494388334
26,29,0.0013212948689720109
26,30,0.008147985025325091
26,31,0.0028628055494388334
26,32,0.0022021581149530563
26,33,0.006826690156353544
26,34,0.004184100418410403
26,35,0.0017617264919625349
26,36,0.003083021360934097
26,37,0.011010790574763476
26,38,0.008588416648315606
26,39,0.003083021360934097
26,40,0.0037436687954198783
26,41,0.005064963664391445
26,42,0.010790574763268215
26,43,0.0017617264919625349
26,44,0.006606474344858272
26,45,0.004624532041400927
26,46,0.007267121779344071
26,47,0.003303237172429355
26,48,0.0028628055494388334
26,49,0.0052851794758867155
27,-1,0.0
27,4,0.0498915401301513
27,5,0.026898047722342645
27,6,0.05357917570498852
27,7,0.039262472885032235
27,8,0.0360086767895876
27,9,0.040130151843817435
27,10,0.05227765726681072
27,11,0.04295010845986943
27,12,0.03383947939262451
27,13,0.06702819956615966
27,14,0.05119305856832919
27,15,0.037527114967461736
27,16,0.05357917570498855
27,17,0.039696312364424814
27,18,0.04533622559652885
27,19,0.039696312364424814
27,20,0.054880694143166396
27,21,0.04945770065075868
27,22,0.04208242950108428
27,23,0.034490238611713436
27,24,0.0075921908893712324
27,25,0.005639913232104451
27,26,0.0036876355748376778
27,27,0.0026030368763561426
27,28,0.0026030368763561426
27,29,0.0
27,30,0.00542299349240814
27,31,0.003253796095445065
27,32,0.004989154013015535
27,33,0.0006507592190893694
27,34,0.0026030368763561434
27,35,0.004338394793926601
27,36,0.005422993492408138
27,37,0.004338394793926601
27,38,0.003253796095445066
27,39,0.0010845986984819834
27,40,0.007158351409978605
27,41,0.002819956616052448
27,42,0.008026030368763842
27,43,0.004121475054230295
27,44,0.0013015184381782949
27,45,0.003253796095445066
27,46,0.006073752711497075
27,47,0.0
27,48,0.008676789587852757
27,49,0.01127982646420848
28,-1,0.0
28,4,0.03808593749999964
28,5,0.04941406249999941
28,6,0.05371093749999927
28,7,0.040624999999999634
28,8,0.05644531249999927
28,9,0.044726562499999525
28,10,0.028124999999999883
28,11,0.04199218749999957
28,12,0.04355468749999954
28,13,0.04042968749999962
28,14,0.050390624999999405
28,15,0.03847656249999963
28,16,0.041210937499999614
28,17,0.05703124999999924
28,18,0.04238281249999955
28,19,0.04550781249999946
28,20,0.05468749999999937
28,21,0.03867187499999963
28,22,0.0374999999999997
28,23,0.04550781249999946
28,24,0.003710937500000374
28,25,0.004687500000000336
28,26,0.006640625000000314
28,27,0.0011718750000004191
28,28,0.00800781250000027
28,29,0.0033203125000003716
28,30,0.0007812500000004286
28,31,0.006250000000000329
28,32,0.004687500000000336
28,33,0.0035156250000003687
28,34,0.006640625000000314
28,35,0.006054687500000312
28,36,0.007812500000000291
28,37,0.003125000000000375
28,38,0.0076171875000002965
28,39,0.003906250000000368
28,40,0.0021484375000004005
28,41,0.00292968750000038
28,42,0.0035156250000003687
28,43,0.006835937500000295
28,44,0.00019531250000043995
28,45,0.0015625000000004158
28,46,0.005273437500000327
28,47,0.003710937500000374
28,48,0.0025390625000003895
28,49,0.0048828125000003435
29,-1,0.0
29,4,0.04699999999999945
29,5,0.037799999999999646
29,6,0.02779999999999985
29,7,0.03619999999999968
29,8,0.03739999999999966
29,9,0.053599999999999315
29,10,0.03899999999999966
29,11,0.034599999999999714
29,12,0.05199999999999937
29,13,0.042999999999999546
29,14,0.052799999999999354
29,15,0.04339999999999951
29,16,0.04819999999999947
29,17,0.03139999999999977
29,18,0.04359999999999952
29,19,0.04259999999999956
29,20,0.04119999999999962
29,21,0.05139999999999935
29,22,0.03659999999999972
29,23,0.06339999999999908
29,24,0.05939999999999922
29,25,0.007200000000000281
29,26,0.0018000000000004035
29,27,0.0018000000000004026
29,28,0.0
29,29,0.0032000000000003796
29,30,0.003600000000000374
29,31,0.005200000000000337
29,32,0.002000000000000402
29,33,0.0040000000000003574
29,34,0.00600000000000032
29,35,0.0024000000000003897
29,36,0.0018000000000004026
29,37,0.004800000000000336
29,38,0.0008000000000004287
29,39,0.0008000000000004284
29,40,0.0022000000000004013
29,41,0.004200000000000354
29,42,0.0050000000000003375
29,43,0.0022000000000004004
29,44,0.006600000000000299
29,45,0.002000000000000403
29,46,0.0008000000000004287
29,47,0.00520000000000034
29,48,0.0014000000000004163
29,49,0.00260000000000039
30,-1,0.0
30,4,0.04686548995739447
30,5,0.033272469060661114
30,6,0.050111584499897985
30,7,0.056603773584904954
30,8,0.044633799959423334
30,9,0.037330087238790506
30,10,0.044025157232703976
30,11,0.04240210996145222
30,12,0.03448975451409996
30,13,0.044025157232703976
30,14,0.044025157232703976
30,15,0.027997565429092975
30,16,0.03733008723879052
30,17,0.05518360722255961
30,18,0.05416920267802733
30,19,0.05072022722661735
30,20,0.03509839724081934
30,21,0.04199634814363929
30,22,0.036518563603164675
30,23,0.033881111787380534
30,24,0.058429701765063194
30,25,0.002637451815784525
30,26,0.0010144045445327815
30,27,0.005680665449381545
30,28,0.001623047271252184
30,29,0.0012172854534392486
30,30,0.003651856360316864
30,31,0.0030432136335974617
30,32,0.0062893081761009415
30,33,0.0004057618178133791
30,34,0.0020288090890651215
30,35,0.003246094542503924
30,36,0.001623047271252184
30,37,0.00202880908906512
30,38,0.0034489754514103912
30,39,0.002840332724690994
30,40,0.007709474538446228
30,41,0.003854737269223334
30,42,0.0034489754514103912
30,43,0.00223168999797159
30,44,0.003246094542503926
30,45,0.0024345709068780627
30,46,0.0028403327246909952
30,47,0.009332521809697954
30,48,0.00892675999188503
30,49,0.00608642726719447
31,-1,0.0
31,4,0.04634477409346462
31,5,0.03936397130114369
31,6,0.043242195074655335
31,7,0.04905953073492285
31,8,0.0434361062633309
31,9,0.04731433003684257
31,10,0.03858832654644141
31,11,0.047508241225518194
31,12,0.034710102772929706
31,13,0.03703703703703671
31,14,0.0434361062633309
31,15,0.03723094822571229
31,16,0.04556912933876234
31,17,0.041109171999223926
31,18,0.05507077758386588
31,19,0.035485747527632026
31,20,0.03412836920690294
31,21,0.0595307349234043
31,22,0.051386464999029824
31,23,0.038200504169090196
31,24,0.045375218150086744
31,25,0.004459957339538839
31,26,0.005235602094241182
31,27,0.002326934264107431
31,28,0.003878223773512095
31,29,0.0011634671320539401
31,30,0.002908667830134188
31,31,0.0015512895094051034
31,32,0.005429513282916744
31,33,0.005041690905565585
31,34,0.0031025790188097717
31,35,0.003878223773512095
31,36,0.003878223773512095
31,37,0.0063990692262946725
31,38,0.0034904013961609237
31,39,0.002326934264107431
31,40,0.003684312584836511
31,41,0.0023269342641074322
31,42,0.0015512895094051044
31,43,0.0034904013961609224
31,44,0.004847779716890001
31,45,0.004847779716890001
31,46,0.002520845452783015
31,47,0.0007756447547027755
31,48,0.004459957339538839
31,49,0.003296490207485343
32,-1,0.0
32,4,0.05355871886120931
32,5,0.03291814946619198
32,6,0.040035587188611735
32,7,0.03665480427046235
32,8,0.04822064056939451
32,9,0.049822064056938904
32,10,0.0350533807829179
32,11,0.04430604982206362
32,12,0.04056939501779321
32,13,0.05160142348754392
32,14,0.035409252669038875
32,15,0.04181494661921666
32,16,0.035587188612099405
32,17,0.037900355871885796
32,18,0.0309608540925265
32,19,0.03523131672597836
32,20,0.034341637010675934
32,21,0.04626334519572902
32,22,0.04661921708185006
32,23,0.04092526690391416
32,24,0.04466192170818458
32,25,0.04056939501779319
32,26,0.006405693950178268
32,27,0.006939501779359724
32,28,0.0042704626334523176
32,29,0.004982206405694293
32,30,0.004982206405694295
32,31,0.005338078291815295
32,32,0.0008896797153029178
32,33,0.0026690391459078637
32,34,0.008718861209964696
32,35,0.003914590747331333
32,36,0.0023131672597868766
32,37,0.00035587188612143367
32,38,0.001423487544484401
32,39,0.00747330960854121
32,40,0.004804270462633807
32,41,0.004626334519573311
32,42,0.0030249110320288595
32,43,0.0042704626334523176
32,44,0.0016014234875448999
32,45,0.00427046263345232
32,46,0.005160142348754789
32,47,0.0
32,48,0.006761565836299237
32,49,0.001779359430605391
33,-1,0.0
33,4,0.04965315808689247
33,5,0.035596933187294344
33,6,0.03048557867834958
33,7,0.04016064257028077
33,8,0.03687477181453057
33,9,0.05056589996348974
33,10,0.04125593282219747
33,11,0.04983570646221193
33,12,0.033041255932821985
33,13,0.03705732018985
33,14,0.027199707922599382
33,15,0.03961299744432239
33,16,0.041986126323475335
33,17,0.047097480832420054
33,18,0.0365096750638916
33,19,0.048557867834975704
33,20,0.04034319094560022
33,21,0.0547645125958372
33,22,0.03851770719240568
33,23,0.044906900328586574
33,24,0.04070828769623913
33,25,0.045271997079225516
33,26,0.0021905805038339187
33,27,0.0034684191310701087
33,28,0.008032128514056505
33,29,0.0010952902519171797
33,30,0.002555677254472822
33,31,0.0034684191310701087
33,32,0.0012778386272366382
33,33,0.0014603870025560921
33,34,0.0032858707557506485
33,35,0.004198612632347924
33,36,0.004198612632347924
33,37,0.004016064257028477
33,38,0.004016064257028479
33,39,0.0062066447608619445
33,40,0.005111354508945209
33,41,0.002373128879153372
33,42,0.00365096750638957
33,43,0.008032128514056505
33,44,0.0018254837531950028
33,45,0.0031033223804312004
33,46,0.007667031763417603
33,47,0.0018254837531950028
33,48,0.004198612632347924
33,49,0.0027382256297922855
34,-1,0.0
34,4,0.04697532950321001
34,5,0.04663737749239555
34,6,0.037850625211219686
34,7,0.03193646502196669
34,8,0.04291990537343656
34,9,0.05457924974653534
34,10,0.03430212909766791
34,11,0.04021628928692091
34,12,0.04748225751943172
34,13,0.041230145319364274
34,14,0.03835755322744138
34,15,0.034809057113889576
34,16,0.044440689422101616
34,17,0.0380196012166269
34,18,0.04477864143291604
34,19,0.035484961135518495
34,20,0.04748225751943172
34,21,0.039033457249070265
34,22,0.041568097330178765
34,23,0.03362622507603895
34,24,0.044271713416694364
34,25,0.03447110510307512
34,26,0.03954038526529197
34,27,0.0033795201081450264
34,28,0.0021966880702944174
34,29,0.00236566407570165
34,30,0.00033795201081490125
34,31,0.00016897600540767292
34,32,0.0028725920919233376
34,33,0.0035484961135522504
34,34,0.005407232173031763
34,35,0.0025346400811088773
34,36,0.0008448800270365888
34,37,0.0018587360594799632
34,38,0.00287259209192334
34,39,0.0021966880702944174
34,40,0.004224400135181169
34,41,0.005914160189253453
34,42,0.0023656640757016515
34,43,0.0025346400811088773
34,44,0.0008448800270365892
34,45,0.004224400135181169
34,46,0.0006759040216293584
34,47,0.0030415680973305626
34,48,0.0003379520108149011
34,49,0.005238256167624542
35,-1,0.0
35,4,0.0557217651458482
35,5,0.04487658937920668
35,6,0.02973074046372461
35,7,0.04581151832460686
35,8,0.03908002991772594
35,9,0.03739715781600568
35,10,0.033844427823485186
35,11,0.04768137621540714
35,12,0.022625280478683608
35,13,0.04581151832460686
35,14,0.03122662677636483
35,15,0.05478683620044809
35,16,0.03833208676140581
35,17,0.04525056095736676
35,18,0.03290949887808506
35,19,0.035153328347045334
35,20,0.025804038893044064
35,21,0.03590127150336547
35,22,0.045624532535526854
35,23,0.03777112939416571
35,24,0.056095736724008326
35,25,0.03216155572176495
35,26,0.03777112939416573
35,27,0.0028047868362008318
35,28,0.0028047868362008318
35,29,0.001869857890800706
35,30,0.0020568436798807316
35,31,0.0022438294689607597
35,32,0.004113687359761009
35,33,0.004674644727001098
35,34,0.0031787584143608905
35,35,0.0037397157816009678
35,36,0.00336574420344091
35,37,0.003926701570680996
35,38,0.002804786836200833
35,39,0.004113687359761009
35,40,0.005422587883321197
35,41,0.004487658937921077
35,42,0.009910246821241836
35,43,0.0016828721017206792
35,44,0.0061705310396413145
35,45,0.00168287210172068
35,46,0.0041136873597610105
35,47,0.001495886312640654
35,48,0.006544502617801352
35,49,0.0054225878833211935
36,-1,0.0
36,4,0.04575835475578356
36,5,0.04850042844901404
36,6,0.03204798628963133
36,7,0.04730077120822571
36,8,0.039588688946015055
36,9,0.04970008568980236
36,10,0.0351328191945156
36,11,0.03650385604113082
36,12,0.04404455869751451
36,13,0.04284490145672621
36,14,0.040445586975149585
36,15,0.06238217652099316
36,16,0.03667523564695775
36,17,0.043187660668380035
36,18,0.039245929734361217
36,19,0.036161096829477005
36,20,0.045929734361610526
36,21,0.03341902313624655
36,22,0.023821765209939998
36,23,0.0377035132819191
36,24,0.030848329048843028
36,25,0.035304198800342475
36,26,0.03941730934018819
36,27,0.0023993144815770855
36,28,0.0011996572407887655
36,29,0.0034275921165385073
36,30,0.001199657240788766
36,31,0.003084832904884705
36,32,0.0063410454155958754
36,33,0.00514138817480753
36,34,0.0025706940874039947
36,35,0.0039417309340192205
36,36,0.0023993144815770855
36,37,0.003084832904884705
36,38,0.0030848329048847063
36,39,0.004455869751499927
36,40,0.0017137960582694766
36,41,0.002399314481577087
36,42,0.0030848329048847063
36,43,0.0015424164524425713
36,44,0.003941730934019222
36,45,0.0018851756640963812
36,46,0.005484147386461336
36,47,0.003256212510711601
36,48,0.0037703513281923187
36,49,0.004627249357326832
37,-1,0.0
37,4,0.03848278401767595
37,5,0.044006628613514516
37,6,0.028355735591971864
37,7,0.026698582213220322
37,8,0.025777941447247227
37,9,0.04087645000920601
37,10,0.04253360338795764
37,11,0.04916221690296395
37,12,0.05063524212852086
37,13,0.03369545203461585
37,14,0.039587552936843684
37,15,0.037378015098508244
37,16,0.0441907567667092
37,17,0.042901859694346796
37,18,0.0324065549622535
37,19,0.0445590130730984
37,20,0.028723991898361122
37,21,0.034616092800588937
37,22,0.030565273430307335
37,23,0.042349475234763
37,24,0.03995580924323294
37,25,0.03995580924323293
37,26,0.03866691217087061
37,27,0.045295525685876886
37,28,0.006444485361812138
37,29,0.0014730252255574041
37,30,0.0064444853618121425
37,31,0.0027619222979197357
37,32,0.0
37,33,0.004787331983060553
37,34,0.00626035720861752
37,35,0.0029460504511143537
37,36,0.003314306757503595
37,37,0.003314306757503595
37,38,0.00626035720861752
37,39,0.00018412815319506374
37,40,0.004787331983060553
37,41,0.0031301786043089817
37,42,0.00018412815319506382
37,43,0.004050819370282077
37,44,0.0007365126127789219
37,45,0.007180997974590606
37,46,0.004787331983060553
37,47,0.0038666912170874632
37,48,0.0012888970723627837
37,49,0.004419075676671314
38,-1,0.0
38,4,0.04018389238889796
38,5,0.040864975310743706
38,6,0.03762983143197653
38,7,0.04171632896305086
38,8,0.04171632896305086
38,9,0.033202792439979346
38,10,0.036267665588285106
38,11,0.03831091435382226
38,12,0.031670355865826505
38,13,0.03967308019751373
38,14,0.04597309722458662
38,15,0.05465690447811956
38,16,0.05005959475566096
38,17,0.04103524604120513
38,18,0.03439468755320932
38,19,0.0452920143027409
38,20,0.028435211987059276
38,21,0.039332538736590816
38,22,0.036267665588285126
38,23,0.03064873148305788
38,24,0.03030819002213504
38,25,0.04256768261535798
38,26,0.040354163119359444
38,27,0.03422441682274792
38,28,0.005278392644304779
38,29,0.00510812191384334
38,30,0.0030648731483061925
38,31,0.0008513536523075939
38,32,0.002383790226460466
38,33,0.004767580452920479
38,34,0.0015324365741533161
38,35,0.003064873148306191
38,36,0.0022135194959990376
38,37,0.003064873148306191
38,38,0.0037459560701519155
38,39,0.0003405414609233042
38,40,0.004767580452920479
38,41,0.0020432487655376082
38,42,0.0018729780350761748
38,43,0.0022135194959990376
38,44,0.0037459560701519155
38,45,0.0028946024178447584
38,46,0.0040864975310747655
38,47,0.0
38,48,0.006129746296611915
38,49,0.002043248765537607
39,-1,0.0
39,4,0.032274331820473796
39,5,0.039838628340897256
39,6,0.038998150949739095
39,7,0.04454530173138296
39,8,0.04622625651369929
39,9,0.03412338208102177
39,10,0.031097663472852397
39,11,0.04790721129601561
39,12,0.03311480921163198
39,13,0.0421919650361401
39,14,0.02992099512523096
39,15,0.03933434190620235
39,16,0.041855774079676826
39,17,0.03445957303748502
39,18,0.027567658429988116
39,19,0.02891242225584115
39,20,0.03328290468986361
39,21,0.0327786182551687
39,22,0.03530005042864324
39,23,0.047402924861320694
39,24,0.04051101025382378
39,25,0.040174819297360526
39,26,0.05395864851235436
39,27,0.045049588166077854
39,28,0.003025718608169816
39,29,0.002185241217011662
39,30,0.00521095982518104
39,31,0.004874768868717769
39,32,0.0010085728693902366
39,33,0.0031938140864014577
39,34,0.005547150781644316
39,35,0.0045385779122545135
39,36,0.001512859304085133
39,37,0.0013447638258534994
39,38,0.007564296520423893
39,39,0.004370482434022878
39,40,0.0040342914775596175
39,41,0.0006723819129269721
39,42,0.0016809547823167631
39,43,0.002185241217011662
39,44,0.007396201042192267
39,45,0.003698100521096356
39,46,0.001008572869390237
39,47,0.001849050260548399
39,48,0.001849050260548398
39,49,0.010421919650361629
40,-1,0.0
40,4,0.04756926293779351
40,5,0.029099146192716353
40,6,0.03310681303362931
40,7,0.04756926293779354
40,8,0.041122146715455284
40,9,0.025265725736190917
40,10,0.03502352326189205
40,11,0.04025091479351768
40,12,0.03206133472730421
40,13,0.03084161003659155
40,14,0.04042516117790518
40,15,0.03955392925596757
40,16,0.027530928733228675
40,17,0.029796131730266403
40,18,0.054887611082069354
40,19,0.028924899808328807
40,20,0.026659696811291083
40,21,0.04565255270953078
40,22,0.03606900156821717
40,23,0.04478132078759318
40,24,0.04007666840913015
40,25,0.031538595574141626
40,26,0.03624324795260468
40,27,0.04251611779055541
40,28,0.04094790033106776
40,29,0.003659174072138377
40,30,0.0029621885345882896
40,31,0.0033106813033633243
40,32,0.0033106813033633243
40,33,0.004181913225300932
40,34,0.0006969855375505258
40,35,0.002439449381425734
40,36,0.0020909566126506873
40,37,0.0029621885345882883
40,38,0.005575884300401089
40,39,0.007841087297438857
40,40,0.0017424638438756474
40,41,0.004530405994075979
40,42,0.0013939710751006082
40,43,0.0029621885345882883
40,44,0.002787942150200772
40,45,0.0034849276877508568
40,46,0.0038334204565258993
40,47,0.0038334204565258993
40,48,0.006969855375501252
40,49,0.001916710228263165
41,-1,0.0
41,4,0.04084278768233344
41,5,0.038573743922203856
41,6,0.03824959481361391
41,7,0.028363047001620623
41,8,0.04230145867098823
41,9,0.033063209076174785
41,10,0.04505672609400278
41,11,0.048136142625607274
41,12,0.041653160453808326
41,13,0.029821717990275352
41,14,0.0359805510534843
41,15,0.04100486223662846
41,16,0.03225283630469996
41,17,0.03549432739059938
41,18,0.030307941653160256
41,19,0.03954619124797367
41,20,0.026580226904375906
41,21,0.049594813614262
41,22,0.046839546191247514
41,23,0.03873581847649883
41,24,0.036790923824959174
41,25,0.02917341977309548
41,26,0.029497568881685417
41,27,0.04554294975688768
41,28,0.03241491085899491
41,29,0.003727714748784804
41,30,0.003079416531604922
41,31,0.0056726094003244675
41,32,0.004213938411669726
41,33,0.002593192868719998
41,34,0.002593192868719998
41,35,0.003889789303079782
41,36,0.0034035656401948658
41,37,0.005024311183144588
41,38,0.00048622366288536144
41,39,0.001620745542950166
41,40,0.0008103727714753051
41,41,0.004213938411669728
41,42,0.00502431118314459
41,43,0.004700162074554631
41,44,0.001296596434360225
41,45,0.0003241491085903894
41,46,0.003565640194489828
41,47,0.0016207455429501666
41,48,0.0024311183144250246
41,49,0.003889789303079782
42,-1,0.0
42,4,0.03161668839634921
42,5,0.03569100391134259
42,6,0.04090612777053412
42,7,0.04726205997392385
42,8,0.04775097783572311
42,9,0.03422425032594501
42,10,0.036342894393741554
42,11,0.03846153846153811
42,12,0.03780964797913916
42,13,0.03520208604954342
42,14,0.03210560625814843
42,15,0.039439374185136544
42,16,0.042372881355931785
42,17,0.03927640156453679
42,18,0.03340938722294629
42,19,0.04188396349413257
42,20,0.03943937418513656
42,21,0.03813559322033864
42,22,0.04204693611473234
42,23,0.03455019556714442
42,24,0.028683181225553987
42,25,0.03536505867014313
42,26,0.03846153846153811
42,27,0.016949152542372968
42,28,0.0503585397653188
42,29,0.0032594524119951614
42,30,0.0037483702737943735
42,31,0.007496740547588281
42,32,0.0006518904823993876
42,33,0.0030964797913954284
42,34,0.0021186440677970118
42,35,0.0009778357235988612
42,36,0.001955671447197275
42,37,0.003096479791395427
42,38,0.0019556714471972757
42,39,0.0004889178617996515
42,40,0.0006518904823993879
42,41,0.0019556714471972757
42,42,0.0027705345501959537
42,43,0.0039113428943941125
42,44,0.0035853976531946383
42,45,0.004726205997392784
42,46,0.0034224250325948988
42,47,0.005704041720991202
42,48,0.0039113428943941125
42,49,0.0027705345501959524
43,-1,0.0
43,4,0.037598944591028687
43,5,0.03776385224274373
43,6,0.031002638522427267
43,7,0.03001319261213704
43,8,0.03001319261213704
43,9,0.0427110817941948
43,10,0.04238126649076477
43,11,0.0428759894459099
43,12,0.0329815303430077
43,13,0.04073218997361439
43,14,0.0329815303430077
43,15,0.031332453825857316
43,16,0.03347625329815282
43,17,0.03265171503957762
43,18,0.038753298153033945
43,19,0.03116754617414228
43,20,0.036279683377308435
43,21,0.03413588390501296
43,22,0.03726912928759866
43,23,0.04106200527704443
43,24,0.035784960422163316
43,25,0.04782321899736091
43,26,0.04205145118733471
43,27,0.04106200527704443
43,28,0.027704485488126512
43,29,0.022922163588390464
43,30,0.00214379947229592
43,31,0.002638522427441025
43,32,0.004617414248021459
43,33,0.0004947229551455517
43,34,0.003792875989446279
43,35,0.0013192612137207346
43,36,0.002638522427441025
43,37,0.00626649076517182
43,38,0.0018139841688658439
43,39,0.0016490765171508028
43,40,0.0
43,41,0.0065963060686018826
43,42,0.004122691292876343
43,43,0.0036279683377312354
43,44,0.003133245382586134
43,45,0.00016490765171548098
43,46,0.0032981530343011776
43,47,0.005112137203166574
43,48,0.007255936675462038
43,49,0.0047823218997364875
44,-1,0.0
44,4,0.03448831587429462
44,5,0.029653505237711354
44,6,0.043996776792908456
44,7,0.03464947622884741
44,8,0.03738920225624463
44,9,0.029653505237711354
44,10,0.04560838033843626
44,11,0.03658340048348076
44,12,0.03577759871071687
44,13,0.0377115229653502
44,14,0.02836422240128914
44,15,0.03626107977437519
44,16,0.02900886381950025
44,17,0.032715551974214094
44,18,0.02643029814665582
44,19,0.034165995165189075
44,20,0.048186946011280686
44,21,0.05028203062046676
44,22,0.024496373892022513
44,23,0.03626107977437519
44,24,0.03303787268331965
44,25,0.05012087026591396
44,26,0.028847703464947468
44,27,0.03158742949234464
44,28,0.03384367445608353
44,29,0.04222401289282795
44,30,0.0012892828364226576
44,31,0.006446414182111515
44,32,0.0011281224818698826
44,33,0.0037066881547143083
44,34,0.00032232070910599806
44,35,0.0045124899274782
44,36,0.0
44,37,0.003384367445608745
44,38,0.006929895245769854
44,39,0.004351329572925414
44,40,0.00515713134568931
44,41,0.008702659145850401
44,42,0.0025785656728448715
44,43,0.0014504431909754321
44,44,0.007252215954875395
44,45,0.0019339242546337675
44,46,0.004190169218372643
44,47,0.0020950846091865372
44,48,0.002095084609186536
44,49,0.0011281224818698826
45,-1,0.0
45,4,0.043312944288311644
45,5,0.04744585881963908
45,6,0.03091420069432945
45,7,0.032402049925607336
45,8,0.04380889403207096
45,9,0.04661927591337359
45,10,0.0241362208629525
45,11,0.034055215738138286
45,12,0.03785749710695952
45,13,0.032732683088113515
45,14,0.03703091420069404
45,15,0.036204331294428516
45,16,0.03471648206315069
45,17,0.05323193916349745
45,18,0.035873698131922344
45,19,0.027773185650520612
45,20,0.03455116548189757
45,21,0.03967597950074357
45,22,0.0340552157381383
45,23,0.026615969581748937
45,24,0.042651677963299287
45,25,0.03190610018184803
45,26,0.036204331294428536
45,27,0.023309637956687015
45,28,0.033063316250619715
45,29,0.03405521573813827
45,30,0.00793519590014906
45,31,0.0036369647875685585
45,32,0.003967597950074748
45,33,0.0006612663250128299
45,34,0.0
45,35,0.0042982311125809546
45,36,0.0004959497437597328
45,37,0.0051248140188464185
45,38,0.006777979831377393
45,39,0.0014878492312783093
45,40,0.00148784923127831
45,41,0.0018184823937845058
45,42,0.00776987931889598
45,43,0.0014878492312783093
45,44,0.0009918994875190202
45,45,0.0026450653000499895
45,46,0.0003306331625066376
45,47,0.0038022813688216627
45,48,0.007439246156389782
45,49,0.0036369647875685585
46,-1,0.0
46,4,0.030774162526045683
46,5,0.041833627183843154
46,6,0.04776406475396645
46,7,0.03462093284180133
46,8,0.03205641929796424
46,9,0.03670460009616896
46,10,0.033498958166372626
46,11,0.026125981727840922
46,12,0.032697547683923515
46,13,0.032537265587433674
46,14,0.04215419137682283
46,15,0.03894854944702645
46,16,0.039910242025965374
46,17,0.029011059464657662
46,18,0.03430036864882169
46,19,0.04439814072768025
46,20,0.04519955121012939
46,21,0.040711652508414464
46,22,0.03846770315755698
46,23,0.038467703157556946
46,24,0.03141529091200497
46,25,0.031896137201474425
46,26,0.034460650745311516
46,27,0.041833627183843154
46,28,0.02612598172784091
46,29,0.03590318961371988
46,30,0.01763103061388052
46,31,0.0017631030613884542
46,32,0.0008014104824495388
46,33,0.0036864882192662713
46,34,0.0
46,35,0.002724795640327362
46,36,0.0008014104824495388
46,37,0.0028850777368171847
46,38,0.003205641929796825
46,39,0.004648180798205191
46,40,0.004648180798205194
46,41,0.0006411283859597196
46,42,0.004327616605225562
46,43,0.003045359833307005
46,44,0.0004808462894699012
46,45,0.0004808462894699012
46,46,0.0
46,47,0.0006411283859597196
46,48,0.0
46,49,0.005770155473633932
47,-1,0.0
47,4,0.03356428021555019
47,5,0.04141647421093107
47,6,0.030638953040800446
47,7,0.04080061585835222
47,8,0.030023094688221563
47,9,0.03002309468822155
47,10,0.038029253271747165
47,11,0.025096227867590384
47,12,0.04726712856043061
47,13,0.0446497305619703
47,14,0.03879907621247078
47,15,0.0428021555042336
47,16,0.03987682832948385
47,17,0.0252501924557351
47,18,0.04033872209391803
47,19,0.036643571978444645
47,20,0.02848344880677429
47,21,0.027097767513471795
47,22,0.032332563510392404
47,23,0.038491147036181346
47,24,0.02586605080831403
47,25,0.03787528868360242
47,26,0.03248652809853713
47,27,0.02602001539645871
47,28,0.026943802925327068
47,29,0.0395688991531944
47,30,0.04326404926866779
47,31,0.0023094688221713014
47,32,0.006158583525789396
47,33,0.0047729022324868794
47,34,0.003695150115473818
47,35,0.0024634334103160226
47,36,0.00030792917628989097
47,37,0.0033872209391843694
47,38,0.0047729022324868794
47,39,0.003233256351039639
47,40,0.0009237875288687872
47,41,0.0035411855273290945
47,42,0.0012317167051582333
47,43,0.0018475750577371301
47,44,0.0007698229407240631
47,45,0.0018475750577371312
47,46,0.005850654349499937
47,47,0.003079291762894919
47,48,0.0012317167051582327
47,49,0.004926866820631587
48,-1,0.0
48,4,0.03588440774849126
48,5,0.045570022229278646
48,6,0.02381708478882178
48,7,0.03826611622737343
48,8,0.023499523658304187
48,9,0.04001270244522033
48,10,0.027151476659256796
48,11,0.030168307399174178
48,12,0.030803429660209394
48,13,0.04239441092410248
48,14,0.03651953000952655
48,15,0.03636074944426769
48,16,0.03223245474753869
48,17,0.03000952683391533
48,18,0.026198793267703933
48,19,0.05049221975230168
48,20,0.030168307399174178
48,21,0.0412829469672908
48,22,0.026833915528739198
48,23,0.032073674182279854
48,24,0.04541124166401984
48,25,0.034137821530644374
48,26,0.03175611305176227
48,27,0.044140997141949356
48,28,0.042235630358843604
48,29,0.02969196570339774
48,30,0.033661479834867974
48,31,0.0036519530009530518
48,32,0.0038107335662118658
48,33,0.001746586217847345
48,34,0.0028580501746590125
48,35,0.005239758653541152
48,36,0.0007939028262944904
48,37,0.0047634169577647125
48,38,0.0060336614798352055
48,39,0.001111463956812107
48,40,0.0007939028262944908
48,41,0.004287075261988283
48,42,0.00508097808828233
48,43,0.002222927913623773
48,44,0.0015878056525885354
48,45,0.0038107335662118675
48,46,0.0034931724356942417
48,47,0.003334391870435435
48,48,0.0036519530009530518
48,49,0.0009526833915533004
49,-1,0.0
49,4,0.030785891089108713
49,5,0.034653465346534365
49,6,0.03140470297029682
49,7,0.03233292079207898
49,8,0.040377475247524386
49,9,0.02862004950495032
49,10,0.02877475247524737
49,11,0.03790222772277197
49,12,0.03171410891089087
49,13,0.023669554455445496
49,14,0.02227722772277226
49,15,0.03604579207920759
49,16,0.029857673267326537
49,17,0.029548267326732495
49,18,0.03171410891089085
49,19,0.03913985148514811
49,20,0.03929455445544516
49,21,0.04625618811881137
49,22,0.038056930693068966
49,23,0.03759282178217787
49,24,0.03233292079207898
49,25,0.042698019801979764
49,26,0.038366336633663047
49,27,0.03573638613861354
49,28,0.02753712871287116
49,29,0.02862004950495032
49,30,0.036045792079207606
49,31,0.04115099009900949
49,32,0.004641089108911236
49,33,0.005105198019802317
49,34,0.002629950495049897
49,35,0.001237623762376656
49,36,0.002011138613861783
49,37,0.003558168316832045
49,38,0.002011138613861784
49,39,0.000773514851485577
49,40,0.003403465346535027
49,41,0.00309405940594097
49,42,0.0018564356435647636
49,43,0.0010829207920796304
49,44,0.0032487623762379935
49,45,0.0006188118811885502
49,46,0.00030940594059449764
49,47,0.004795792079208261
49,48,0.002011138613861783
49,49,0.005105198019802314
-1,-1,1.0
-1,4,0.0
-1,5,0.0
-1,6,0.0
-1,7,0.0
-1,8,0.0
-1,9,0.0
-1,10,0.0
-1,11,0.0
-1,12,0.0
-1,13,0.0
-1,14,0.0
-1,15,0.0
-1,16,0.0
-1,17,0.0
-1,18,0.0
-1,19,0.0
-1,20,0.0
-1,21,0.0
-1,22,0.0
-1,23,0.0
-1,24,0.0
-1,25,0.0
-1,26,0.0
-1,27,0.0
-1,28,0.0
-1,29,0.0
-1,30,0.0
-1,31,0.0
-1,32,0.0
-1,33,0.0
-1,34,0.0
-1,35,0.0
-1,36,0.0
-1,37,0.0
-1,38,0.0
-1,39,0.0
-1,40,0.0
-1,41,0.0
-1,42,0.0
-1,43,0.0
-1,44,0.0
-1,45,0.0
-1,46,0.0
-1,47,0.0
-1,48,0.0
-1,49,0.0
