event0  attr1,event0  attr2,probability
0,-4,0.0
0,-3,0.0
0,-2,0.0
0,-1,0.0
0,0,0.0
0,1,0.0
0,2,0.001663893510815716
0,3,0.048252911813643294
0,4,0.028286189683860066
0,5,0.01663893510815317
0,6,0.02163061564059895
0,7,0.014975041597337892
0,8,0.01331114808652261
0,9,0.013311148086522616
0,10,0.004991680532446264
0,11,0.013311148086522616
0,12,0.009983361064892098
0,13,0.011647254575707346
0,14,0.014975041597337892
0,15,0.014975041597337892
0,16,0.018302828618968415
0,17,0.011647254575707346
0,18,0.04326123128119746
0,19,0.013311148086522616
0,20,0.019966722129783683
0,21,0.024958402662229526
0,22,0.014975041597337901
0,23,0.011647254575707346
0,24,0.031613976705490585
0,25,0.023294509151414237
0,26,0.0
0,27,0.028286189683860045
0,28,0.006655574043261536
0,29,0.056572379367719604
0,30,0.0
0,31,0.03993344425956692
0,32,0.03660565723793641
0,33,0.014975041597337892
0,34,0.02163061564059895
0,35,0.04658901830282804
0,36,0.039933444259566936
0,37,0.03161397670549057
0,38,0.023294509151414237
0,39,0.008319467554076804
0,40,0.016638935108153164
0,41,0.0033277870216309913
0,42,0.01663893510815317
0,43,0.006655574043261536
0,44,0.02662229617304481
0,45,0.04658901830282803
0,46,0.03993344425956692
0,47,0.013311148086522616
0,48,0.02828618968386008
0,49,0.006655574043261536
1,-4,0.0
1,-3,0.0
1,-2,0.0
1,-1,0.0
1,0,0.003742981908921135
1,1,0.8365564566437744
1,2,0.004158868787690104
1,3,0.008525681014764237
1,4,0.005614472863381494
1,5,0.0022873778332297536
1,6,0.0014556040756918238
1,7,0.004990642545228036
1,8,0.0010397171969228588
1,9,0.0029112081513832083
1,10,0.004990642545228039
1,11,0.005822416302765962
1,12,0.0004158868787694095
1,13,0.007278020378457345
1,14,0.0033270950301521685
1,15,0.0037429819089211365
1,16,0.00831773757537975
1,17,0.002495321272614235
1,18,0.0008317737575383766
1,19,0.0027032647119987242
1,20,0.004574755666459071
1,21,0.0035350384695366564
1,22,0.0035350384695366564
1,23,0.004990642545228036
1,24,0.0014556040756918238
1,25,0.0004158868787694094
1,26,0.0033270950301521685
1,27,0.0054065294239969905
1,28,0.0029112081513832083
1,29,0.006238303181534928
1,30,0.0016635475150763056
1,31,0.0
1,32,0.0027032647119987242
1,33,0.006446246620919415
1,34,0.004158868787690104
1,35,0.0014556040756918238
1,36,0.0051985859846125125
1,37,0.004366812227074584
1,38,0.0054065294239969905
1,39,0.0033270950301521685
1,40,0.003950925348305612
1,41,0.0031191515907676858
1,42,0.000623830318153893
1,43,0.0035350384695366542
1,44,0.0
1,45,0.0016635475150763054
1,46,0.0016635475150763054
1,47,0.0
1,48,0.001455604075691825
1,49,0.0016635475150763056
2,-4,0.0
2,-3,0.0
2,-2,0.0
2,-1,0.0
2,0,0.00043004587156006814
2,1,0.002723623853211397
2,2,0.8847477064219985
2,3,0.004587155963303096
2,4,0.0008600917431196913
2,5,0.004443807339449885
2,6,0.00014334862385365204
2,7,0.0018635321100921463
2,8,0.0022935779816517688
2,9,0.0054472477064223404
2,10,0.002580275229358188
2,11,0.001720183486238941
2,12,0.0032970183486242246
2,13,0.0012901376146793155
2,14,0.003010321100917807
2,15,0.0004300458715600683
2,16,0.0025802752293581865
2,17,0.0014334862385325246
2,18,0.00358371559633064
2,19,0.00028669724770686
2,20,0.004157110091743476
2,21,0.0
2,22,0.002580275229358188
2,23,0.003010321100917807
2,24,0.0025802752293581865
2,25,0.002006880733945354
2,26,0.0015768348623857308
2,27,0.002150229357798563
2,28,0.008314220183486503
2,29,0.00014334862385365204
2,30,0.0005733944954132759
2,31,0.002150229357798563
2,32,0.002006880733945355
2,33,0.0032970183486242246
2,34,0.0018635321100921463
2,35,0.00028669724770686
2,36,0.00229357798165177
2,37,0.002006880733945354
2,38,0.0017201834862389407
2,39,0.0054472477064223404
2,40,0.0005733944954132758
2,41,0.004300458715596684
2,42,0.0010034403669728987
2,43,0.002006880733945355
2,44,0.006307339449541597
2,45,0.0015768348623857301
2,46,0.004730504587156298
2,47,0.0004300458715600683
2,48,0.001720183486238943
2,49,0.0014334862385325246
3,-4,0.0
3,-3,0.0
3,-2,0.0
3,-1,0.0
3,0,0.0012286521685714973
3,1,0.003808821722570702
3,2,0.0024573043371425465
3,3,0.9045337265020076
3,4,0.0007371913011430751
3,5,0.002948765204570965
3,6,0.003563091288856495
3,7,0.004668878240570441
3,8,0.001842978252857022
3,9,0.0014743826022857061
3,10,0.002948765204570967
3,11,0.00024573043371465435
3,12,0.0018429782528570228
3,13,0.0006143260842859694
3,14,0.0017201130359999165
3,15,0.002825899987713864
3,16,0.004791743457427548
3,17,0.002825899987713864
3,18,0.004177417373142023
3,19,0.0025801695539996515
3,20,0.002948765204570965
3,21,0.0018429782528570238
3,22,0.0018429782528570238
3,23,0.0014743826022857061
3,24,0.0003685956505717596
3,25,0.0017201130359999156
3,26,0.001351517385428601
3,27,0.002703034770856758
3,28,0.0019658434697141253
3,29,0.0019658434697141253
3,30,0.0
3,31,0.0004914608674288643
3,32,0.0017201130359999165
3,33,0.0023344391202854433
3,34,0.0009829217348572862
3,35,0.00012286521685754928
3,36,0.003194495638285179
3,37,0.0
3,38,0.0034402260719993893
3,39,0.0014743826022857061
3,40,0.0003685956505717595
3,41,0.0014743826022857061
3,42,0.0027030347708567595
3,43,0.0019658434697141253
3,44,0.000982921734857287
3,45,0.0025801695539996506
3,46,0.001842978252857022
3,47,0.0022115739034283383
3,48,0.000982921734857287
3,49,0.001105786951714389
4,-4,0.0
4,-3,0.0
4,-2,0.0
4,-1,0.0
4,0,0.0004616805170826131
4,1,0.0009233610341647831
4,2,0.001038781163435326
4,3,0.0006925207756236986
4,4,0.9271698984302665
4,5,0.0011542012927058679
4,6,0.002654662973222917
4,7,0.0004616805170826133
4,8,0.0
4,9,0.0009233610341647831
4,10,0.0024238227146818375
4,11,0.002654662973222917
4,12,0.003578024007387253
4,13,0.0012696214219764111
4,14,0.0013850415512469533
4,15,0.0016158818097880359
4,16,0.002423822714681836
4,17,0.0012696214219764111
4,18,0.0016158818097880352
4,19,0.0004616805170826133
4,20,0.00403970452446943
4,21,0.002077562326870206
4,22,0.0
4,23,0.0
4,24,0.001962142197599665
4,25,0.00334718374884617
4,26,0.0008079409048942416
4,27,0.0024238227146818354
4,28,0.003693444136657804
4,29,0.0021929824561407497
4,30,0.0009233610341647831
4,31,0.003000923361034547
4,32,0.0011542012927058679
4,33,0.0004616805170826133
4,34,0.0015004616805174957
4,35,0.002308402585411293
4,36,0.001731301939058579
4,37,0.0004616805170826131
4,38,0.0
4,39,0.0008079409048942416
4,40,0.0013850415512469529
4,41,0.0013850415512469533
4,42,0.002423822714681836
4,43,0.0005771006463531562
4,44,0.002192982456140752
4,45,0.0010387811634353255
4,46,0.00011542012927098647
4,47,0.0016158818097880359
4,48,0.001846722068329123
4,49,0.00034626038781207145
5,-4,0.0
5,-3,0.0
5,-2,0.0
5,-1,0.0
5,0,0.00020533880903534716
5,1,0.003080082135523996
5,2,0.0010266940451749591
5,3,0.00020533880903534716
5,4,0.0023613963039018308
5,5,0.926386036960965
5,6,0.001334702258727314
5,7,0.0011293634496924124
5,8,0.0032854209445588984
5,9,0.0014373716632447658
5,10,0.0007186858316226065
5,11,0.0018480492813145724
5,12,0.0005133470225877022
5,13,0.002772073921971632
5,14,0.0005133470225877022
5,15,0.0007186858316226062
5,16,0.001334702258727314
5,17,0.0009240246406575095
5,18,0.0007186858316226059
5,19,0.001232032854209864
5,20,0.0035934291581112498
5,21,0.0008213552361400581
5,22,0.0028747433264890944
5,23,0.001232032854209864
5,24,0.0011293634496924124
5,25,0.001950718685832025
5,26,0.0006160164271051541
5,27,0.002053388090349475
5,28,0.0008213552361400577
5,29,0.001540041067762217
5,30,0.0011293634496924124
5,31,0.000513347022587702
5,32,0.001540041067762217
5,33,0.0007186858316226062
5,34,0.00010266940451789569
5,35,0.0023613963039018295
5,36,0.0
5,37,0.0028747433264890918
5,38,0.0006160164271051538
5,39,0.0014373716632447658
5,40,0.002772073921971631
5,41,0.001232032854209864
5,42,0.0011293634496924124
5,43,0.001540041067762217
5,44,0.0011293634496924135
5,45,0.002669404517454187
5,46,0.0023613963039018286
5,47,0.00431211498973341
5,48,0.0012320328542098653
5,49,0.0019507186858320257
6,-4,0.0
6,-3,0.0
6,-2,0.0
6,-1,0.0
6,0,0.002188836931648989
6,1,0.001691373992637954
6,2,0.0007959407024180958
6,3,0.001392896229231336
6,4,0.0005969555268136834
6,5,0.001691373992637954
6,6,0.9242861406824989
6,7,0.0017908665804401637
6,8,0.0007959407024180956
6,9,0.0007959407024180958
6,10,0.0
6,11,0.0017908665804401637
6,12,0.0007959407024180958
6,13,0.004178688687693118
6,14,0.0011939110536269228
6,15,0.002785792458462224
6,16,0.0030842702218688463
6,17,0.001890359168242369
6,18,0.001392896229231336
6,19,0.0011939110536269228
6,20,0.002686299870660023
6,21,0.00039797035120927085
6,22,0.0
6,23,0.0
6,24,0.0005969555268136832
6,25,0.002188836931648989
6,26,0.0007959407024180958
6,27,0.0016913739926379535
6,28,0.001691373992637954
6,29,0.002288329519451196
6,30,0.0003979703512092706
6,31,0.002885285046264435
6,32,0.0008954332902203026
6,33,0.0030842702218688463
6,34,0.0015918814048357505
6,35,0.0003979703512092706
6,36,0.0013928962292313364
6,37,0.0018903591682423683
6,38,0.0012934036414291286
6,39,0.0017908665804401637
6,40,0.0008954332902203022
6,41,0.002686299870660023
6,42,0.0001989851756048571
6,43,0.0024873146950556047
6,44,0.00039797035120927096
6,45,0.0031837628096710495
6,46,0.0010944184658247163
6,47,0.0023878221072534006
6,48,0.0022883295194511977
6,49,0.002089344343846783
7,-4,0.0
7,-3,0.0
7,-2,0.0
7,-1,0.0
7,0,0.001366618075802162
7,1,0.0004555393586010173
7,2,0.0016399416909625077
7,3,0.003917638483965373
7,4,0.0033709912536446875
7,5,0.0018221574344027365
7,6,0.0016399416909625077
7,7,0.9223760932944404
7,8,0.0008199708454814751
7,9,0.0011844023323619346
7,10,0.001731049562682622
7,11,0.0020954810495630812
7,12,0.003279883381924572
7,13,0.002915451895044111
7,14,0.0015488338192423934
7,15,0.0004555393586010173
7,16,0.0010932944606418184
7,17,0.0020043731778429685
7,18,0.00027332361516078804
7,19,0.003006559766764227
7,20,0.0010932944606418184
7,21,0.00018221574344067312
7,22,0.0013666180758021634
7,23,0.0010021865889217043
7,24,0.0007288629737613605
7,25,0.0021865889212831966
7,26,0.0008199708454814755
7,27,0.001093294460641818
7,28,0.0009110787172015909
7,29,0.0030976676384843423
7,30,0.0014577259475222805
7,31,0.0018221574344027358
7,32,0.0008199708454814755
7,33,0.0013666180758021627
7,34,0.004008746355685487
7,35,0.0010932944606418184
7,36,0.0019132653061228523
7,37,0.0015488338192423928
7,38,0.0023688046647234212
7,39,0.0019132653061228523
7,40,0.0003644314868809028
7,41,9.110787172055854e-05
7,42,0.0016399416909625077
7,43,0.0026421282798837677
7,44,0.0008199708454814762
7,45,0.0006377551020412456
7,46,0.002824344023323997
7,47,0.0010021865889217043
7,48,0.0008199708454814762
7,49,0.0013666180758021627
8,-4,0.0
8,-3,0.0
8,-2,0.0
8,-1,0.0
8,0,0.0007281332483848817
8,1,0.003094566305634309
8,2,0.0011832165286251581
8,3,0.0012742331846732125
8,4,0.0027304996814420906
8,5,0.0
8,6,0.002002366433057653
8,7,0.0004550832802407182
8,8,0.9259124419768614
8,9,0.0017293164649134845
8,10,0.003640666241922642
8,11,0.0018203331209615408
8,12,0.0027304996814420893
8,13,0.002002366433057653
8,14,0.0002730499681446085
8,15,0.0011832165286251581
8,16,0.0002730499681446085
8,17,0.0036406662419226398
8,18,0.0001820333120965538
8,19,0.001274233184673213
8,20,0.0007281332483848821
8,21,0.0011832165286251588
8,22,0.0015472831528173779
8,23,0.0016382998088654312
8,24,0.0018203331209615408
8,25,0.0010011832165290463
8,26,0.0023664330572498718
8,27,0.0034586329298265284
8,28,0.0019113497770095968
8,29,0.0030035496495862545
8,30,0.0002730499681446085
8,31,0.0001820333120965538
8,32,0.0024574497132979277
8,33,0.0010011832165290468
8,34,0.0
8,35,0.0010921998725771027
8,36,0.001274233184673213
8,37,0.0015472831528173764
8,38,0.0003640666241926638
8,39,0.001274233184673213
8,40,0.0002730499681446084
8,41,0.0021843997451537625
8,42,0.001547283152817377
8,43,0.002002366433057653
8,44,0.0026394830253940412
8,45,0.0010011832165290463
8,46,0.0027304996814420885
8,47,0.0010011832165290468
8,48,0.000819149904432938
8,49,0.001547283152817377
9,-4,0.0
9,-3,0.0
9,-2,0.0
9,-1,0.0
9,0,0.002333094041637149
9,1,0.0008076094759516106
9,2,0.00017946877243403667
9,3,0.0005384063173012211
9,4,0.002153625269203555
9,5,0.0028715003589379236
9,6,0.001704953338119575
9,7,0.0022433596554203503
9,8,0.0010768126346020002
9,9,0.931622397702779
9,10,0.0010768126346020013
9,11,0.00026920315865083285
9,12,0.00017946877243403667
9,13,0.0009870782483852032
9,14,0.0
9,15,0.0021536252692035537
9,16,0.0014357501794691847
9,17,0.0014357501794691847
9,18,0.00035893754486762897
9,19,0.0010768126346020006
9,20,0.0017946877243363683
9,21,0.001615218951902778
9,22,0.0013460157932523886
9,23,0.0015254845656859784
9,24,0.0012562814070355922
9,25,0.0007178750897348141
9,26,0.0010768126346020006
9,27,0.002692031586504331
9,28,0.0021536252692035537
9,29,0.000628140703518018
9,30,0.0014357501794691847
9,31,0.0007178750897348141
9,32,0.0014357501794691847
9,33,0.0011665470208187948
9,34,0.0
9,35,0.001704953338119575
9,36,0.0010768126346020006
9,37,0.0012562814070355918
9,38,0.002781765972721123
9,39,0.0019741564967699615
9,40,0.0025125628140707386
9,41,0.001346015793252388
9,42,0.0009870782483852032
9,43,0.0007178750897348143
9,44,0.000717875089734815
9,45,0.002333094041637149
9,46,0.004038047379756271
9,47,0.0007178750897348143
9,48,0.002692031586504334
9,49,0.0010768126346020006
10,-4,0.0
10,-3,0.0
10,-2,0.0
10,-1,0.0
10,0,0.0013046881795255063
10,1,0.002261459511177222
10,2,0.000695833695747145
10,3,0.0006088544837788074
10,4,0.0013046881795255076
10,5,0.0001739584239371196
10,6,0.0033921892667656077
10,7,0.0
10,8,0.001043750543620495
10,9,0.0006088544837788076
10,10,0.9395494476819831
10,11,0.0018265634513355332
10,12,0.0014786466034621849
10,13,0.0014786466034621849
10,14,0.0004348960598421326
10,15,0.0023484387231455586
10,16,0.0010437505436204954
10,17,0.0007828129077154828
10,18,0.0012177089675571699
10,19,0.002522397147082231
10,20,0.00026093763590545653
10,21,0.000956771331652158
10,22,0.0002609376359054567
10,23,0.003131251630860601
10,24,0.0011307297555888324
10,25,0.002000521875272208
10,26,0.0015656258154305197
10,27,0.0006958336957471447
10,28,0.0013916673914938441
10,29,0.0021744802992088846
10,30,0.0012177089675571705
10,31,0.0008697921196838189
10,32,0.0008697921196838192
10,33,0.002696355571018913
10,34,0.0007828129077154828
10,35,0.0013916673914938441
10,36,0.0011307297555888324
10,37,0.00034791684787379454
10,38,0.001043750543620495
10,39,0.0
10,40,0.0013046881795255063
10,41,0.0013916673914938441
10,42,0.0006088544837788076
10,43,0.0009567713316521575
10,44,0.0013916673914938457
10,45,0.0013046881795255063
10,46,0.002435417935113898
10,47,0.0012177089675571705
10,48,0.0009567713316521585
10,49,0.0004348960598421326
11,-4,0.0
11,-3,0.0
11,-2,0.0
11,-1,0.0
11,0,0.0013599660008503938
11,1,0.0016999575010628828
11,2,0.00025499362515980984
11,3,0.0028899277518065823
11,4,0.0011899702507441505
11,5,0.0018699532511691238
11,6,0.0005099872503191757
11,7,0.0011049723756910294
11,8,0.0004249893752660535
11,9,0.0016999575010628828
11,10,0.0017849553761160061
11,11,0.9354866128346584
11,12,0.0019549511262222465
11,13,0.0010199745006379058
11,14,0.00025499362515980984
11,15,0.000934976625584784
11,16,0.0032299192520190726
11,17,0.0020399490012753666
11,18,0.0011899702507441494
11,19,0.0018699532511691238
11,20,0.0014449638759035167
11,21,0.0010199745006379062
11,22,0.0008499787505316622
11,23,0.00118997025074415
11,24,0.002379940501487856
11,25,0.0008499787505316615
11,26,0.000934976625584784
11,27,0.0022099447513816103
11,28,0.0
11,29,0.0007649808754785413
11,30,0.0012749681257972721
11,31,0.0020399490012753658
11,32,0.0012749681257972721
11,33,0.0010199745006379058
11,34,0.0013599660008503942
11,35,0.0007649808754785413
11,36,0.0016999575010628828
11,37,0.0023799405014878552
11,38,0.00025499362515980973
11,39,0.0
11,40,0.0017849553761160046
11,41,0.0012749681257972721
11,42,0.002464938376540974
11,43,0.0005949851253722969
11,44,0.0013599660008503955
11,45,0.0024649383765409727
11,46,0.0016999575010628821
11,47,0.0
11,48,0.0005949851253722975
11,49,0.0012749681257972721
12,-4,0.0
12,-3,0.0
12,-2,0.0
12,-1,0.0
12,0,0.0
12,1,0.00035606195478056816
12,2,0.0
12,3,0.0017803097739010618
12,4,0.0008901548869507558
12,5,0.00035606195478056816
12,6,0.0010681858643408178
12,7,0.0008011393982557237
12,8,0.0011572013530358463
12,9,0.0
12,10,0.0002670464660855376
12,11,0.0020473562399861574
12,12,0.9400925761082223
12,13,0.0
12,14,0.001869325262596095
12,15,0.0012462168417308789
12,16,0.0008011393982557237
12,17,0.003115542104326533
12,18,0.0015132633078159693
12,19,0.0022253872173762196
12,20,0.0014242478191209401
12,21,0.0006231084208656616
12,22,0.0008011393982557241
12,23,0.0009791703756457852
12,24,0.0016912942852060364
12,25,0.001335232330425909
12,26,0.002136371728681188
12,27,0.000890154886950755
12,28,0.0017803097739010627
12,29,0.0024924336834613128
12,30,0.0007121239095606923
12,31,0.001958340751291127
12,32,0.0009791703756457852
12,33,0.00151326330781597
12,34,0.0004450774434755989
12,35,0.002136371728681188
12,36,0.0024924336834613128
12,37,8.90154886954752e-05
12,38,0.00017803097739050604
12,39,0.0008901548869507552
12,40,0.002670464660851376
12,41,0.0020473562399861574
12,42,8.901548869547523e-05
12,43,0.0028484956382414384
12,44,0.0006231084208656618
12,45,0.000890154886950755
12,46,0.0017803097739010618
12,47,0.0016022787965110034
12,48,0.001602278796511005
12,49,0.0007121239095606923
13,-4,0.0
13,-3,0.0
13,-2,0.0
13,-1,0.0
13,0,0.0021822625698328
13,1,0.0021822625698328007
13,2,0.0021822625698328007
13,3,0.0034916201117322103
13,4,0.0005237430167602101
13,5,0.0017458100558663298
13,6,0.0006983240223467979
13,7,0.0014839385474864476
13,8,0.001833100558659625
13,9,0.0017458100558663298
13,10,0.000261871508380327
13,11,0.003753491620112101
13,12,0.0027932960893858588
13,13,0.9224860335195326
13,14,0.0009601955307266802
13,15,0.0020076815642462156
13,16,0.0023568435754193918
13,17,0.0004364525139669156
13,18,0.0012220670391065631
13,19,0.0020076815642462156
13,20,0.0006983240223467979
13,21,0.0008729050279333865
13,22,0.0012220670391065644
13,23,0.0007856145251400922
13,24,0.002444134078212682
13,25,0.0016585195530730331
13,26,0.0019203910614529166
13,27,0.0020076815642462147
13,28,0.003578910614525504
13,29,0.0006983240223467979
13,30,0.002880586592179157
13,31,0.0007856145251400919
13,32,0.00113477653631327
13,33,0.0007856145251400922
13,34,0.00017458100558703218
13,35,0.0007856145251400922
13,36,0.002444134078212682
13,37,0.0007856145251400919
13,38,0.0020949720670395064
13,39,0.0007856145251400922
13,40,0.004189944134078564
13,41,0.0013093575418998576
13,42,0.0021822625698328007
13,43,0.0015712290502797408
13,44,0.0006983240223467985
13,45,0.0007856145251400919
13,46,8.729050279373826e-05
13,47,0.0008729050279333861
13,48,0.0015712290502797423
13,49,0.0018331005586596258
14,-4,0.0
14,-3,0.0
14,-2,0.0
14,-1,0.0
14,0,0.0015358361774748138
14,1,8.532423208235347e-05
14,2,0.0010238907849833558
14,3,0.0013651877133109926
14,4,0.001365187713310994
14,5,0.001279863481229086
14,6,0.0013651877133109933
14,7,0.0008532423208195388
14,8,8.532423208235343e-05
14,9,0.00034129692832808215
14,10,0.001450511945392904
14,11,0.0022184300341300876
14,12,0.00025597269624617235
14,13,0.001279863481229086
14,14,0.9449658703071466
14,15,0.0013651877133109933
14,16,0.0010238907849833558
14,17,0.0017064846416386345
14,18,0.001621160409556721
14,19,0.0
14,20,0.0006825938566557191
14,21,0.0023890784982939094
14,22,0.0012798634812290868
14,23,0.0015358361774748144
14,24,0.0008532423208195388
14,25,0.0009385665529014476
14,26,0.0011945392491471746
14,27,0.0006825938566557188
14,28,0.0016211604095567216
14,29,0.0005119453924919014
14,30,8.532423208235347e-05
14,31,0.0009385665529014476
14,32,0.0028156996587034577
14,33,0.0014505119453929033
14,34,0.0009385665529014479
14,35,0.0023037542662120024
14,36,0.0011945392491471746
14,37,0.0013651877133109926
14,38,0.0011092150170652667
14,39,0.0011945392491471746
14,40,0.00042662116040999087
14,41,0.0033276450511949096
14,42,0.0
14,43,0.0006825938566557191
14,44,0.0008532423208195396
14,45,0.0012798634812290857
14,46,0.0008532423208195385
14,47,0.0005972696245738101
14,48,0.0006825938566557197
14,49,0.0010238907849833558
15,-4,0.0
15,-3,0.0
15,-2,0.0
15,-1,0.0
15,0,0.0029257912935547734
15,1,0.001507225817892069
15,2,0.0007092827378317975
15,3,0.0024824895824101813
15,4,0.0039897154003018034
15,5,0.0014185654756631487
15,6,0.0007092827378317975
15,7,0.0020391878712655823
15,8,0.0012412447912053086
15,9,0.0017732068445788268
15,10,0.0006206223956028788
15,11,0.0009752637645185549
15,12,0.0007092827378317975
15,13,0.0010639241067474739
15,14,0.0026598102668680184
15,15,0.9351006294884093
15,16,0.000797943080060717
15,17,0.0026598102668680184
15,18,0.001773206844578826
15,19,0.0007092827378317975
15,20,0.0
15,21,0.0010639241067474743
15,22,0.00017732068445828228
15,23,0.0010639241067474739
15,24,0.0007092827378317975
15,25,0.0013299051334342295
15,26,0.00035464136891612
15,27,0.0011525844489763916
15,28,0.00026598102668720105
15,29,0.001507225817892069
15,30,0.0017732068445788268
15,31,0.0005319620533739588
15,32,0.0008866034222896346
15,33,0.0010639241067474739
15,34,0.0
15,35,0.0023938292401812548
15,36,0.0017732068445788268
15,37,0.002659810266868018
15,38,0.001684546502349907
15,39,0.0013299051334342302
15,40,0.0024824895824101813
15,41,0.0007092827378317975
15,42,0.0026598102668680184
15,43,0.0014185654756631487
15,44,0.0013299051334342315
15,45,0.0
15,46,0.0007979430800607167
15,47,0.0009752637645185549
15,48,0.000709282737831798
15,49,0.0013299051334342302
16,-4,0.0
16,-3,0.0
16,-2,0.0
16,-1,0.0
16,0,0.0010243277848915866
16,1,0.0012804097311143736
16,2,0.0012804097311143736
16,3,0.0008536064874097287
16,4,0.0018779342723008747
16,5,0.001621852326078087
16,6,0.00042680324370508656
16,7,0.0011950490823734448
16,8,0.0009389671361506585
16,9,0.0005975245411869443
16,10,0.0021340162185236574
16,11,0.001877934272300874
16,12,0.001621852326078087
16,13,0.0003414425949641585
16,14,0.001877934272300874
16,15,0.0005975245411869443
16,16,0.9290653008962662
16,17,0.0006828851899278719
16,18,0.0006828851899278717
16,19,0.002304737516005516
16,20,0.001451131028596229
16,21,0.0017072129748190157
16,22,0.002646180110969229
16,23,8.536064874137266e-05
16,24,0.001024327784891587
16,25,0.001963294921041801
16,26,0.0029876227059329424
16,27,0.0015364916773371589
16,28,0.001963294921041802
16,29,0.0012804097311143736
16,30,0.00401195049082409
16,31,0.002304737516005515
16,32,0.0
16,33,0.001963294921041802
16,34,0.0017072129748190146
16,35,0.0007682458386688005
16,36,0.0020486555697827305
16,37,0.0013657703798553018
16,38,0.0031583440034147997
16,39,0.0017925736235599437
16,40,0.0020486555697827296
16,41,0.002219376867264586
16,42,0.0005975245411869443
16,43,0.0015364916773371593
16,44,0.0008536064874097298
16,45,0.001707212974819014
16,46,0.0009389671361506585
16,47,0.001024327784891587
16,48,0.0007682458386688013
16,49,0.0002560819462232293
17,-4,0.0
17,-3,0.0
17,-2,0.0
17,-1,0.0
17,0,0.003022191520594454
17,1,0.0011225282790782178
17,2,0.0008634832915987331
17,3,0.001986011570676505
17,4,0.0017269665831970199
17,5,0.0008634832915987331
17,6,0.0011225282790782178
17,7,0.0013815732665577048
17,8,0.0004317416457995874
17,9,0.0010361799499183913
17,10,0.0006907866332790748
17,11,0.0009498316207585614
17,12,0.0006907866332790745
17,13,0.004317416457991884
17,14,0.0015542699248773633
17,15,0.0006907866332790745
17,16,0.0013815732665577048
17,17,0.9373111130299413
17,18,0.0010361799499183908
17,19,0.0016406182540371914
17,20,0.0006907866332790745
17,21,0.0014679215957175322
17,22,0.001554269924877364
17,23,0.0025904498747953046
17,24,0.00025904498747993045
17,25,0.0010361799499183908
17,26,0.0014679215957175316
17,27,0.0008634832915987327
17,28,0.00017269665832010168
17,29,0.0012088766082380472
17,30,0.0010361799499183913
17,31,0.000949831620758561
17,32,0.0014679215957175316
17,33,0.0008634832915987331
17,34,0.0018133149123568475
17,35,0.0025904498747953046
17,36,0.0022450565581559924
17,37,0.0004317416457995874
17,38,0.0012952249373978757
17,39,0.0017269665831970186
17,40,0.0007771349624389019
17,41,0.0013815732665577048
17,42,0.002763146533114967
17,43,0.0007771349624389023
17,44,0.0012952249373978774
17,45,0.00017269665832010163
17,46,8.634832916027288e-05
17,47,0.001295224937397876
17,48,0.0013815732665577061
17,49,0.0005180899749594171
18,-4,0.0
18,-3,0.0
18,-2,0.0
18,-1,0.0
18,0,0.0012855831037653382
18,1,0.001836547291093153
18,2,0.00284664830119414
18,3,0.0028466483011941393
18,4,0.0011937557392107056
18,5,0.0017447199265385152
18,6,9.182736455507948e-05
18,7,0.000642791551882891
18,8,0.0011019283746560667
18,9,0.00036730945821898534
18,10,0.0010101010101014332
18,11,0.001928374655647788
18,12,0.003122130394858041
18,13,0.0010101010101014325
18,14,9.182736455507948e-05
18,15,0.0015610651974292465
18,16,0.0008264462809921624
18,17,0.0008264462809921624
18,18,0.9291092745637992
18,19,0.0
18,20,0.001928374655647788
18,21,0.001377410468319975
18,22,0.0015610651974292474
18,23,0.0011937557392107047
18,24,0.002571166207530232
18,25,0.0014692378328746082
18,26,0.0016528925619838783
18,27,0.0012855831037653382
18,28,0.0014692378328746087
18,29,0.0012855831037653386
18,30,0.002112029384757056
18,31,0.0008264462809921622
18,32,0.00284664830119414
18,33,0.002571166207530232
18,34,0.002571166207530232
18,35,0.0011937557392107047
18,36,0.002387511478420961
18,37,0.0008264462809921622
18,38,0.0019283746556477874
18,39,0.00018365472910971477
18,40,0.0018365472910931524
18,41,0.0011937557392107047
18,42,0.0
18,43,0.0010101010101014325
18,44,0.0008264462809921632
18,45,0.0016528925619838776
18,46,0.0014692378328746082
18,47,0.002020202020202421
18,48,0.002203856749311693
18,49,0.001101928374656067
19,-4,0.0
19,-3,0.0
19,-2,0.0
19,-1,0.0
19,0,8.913450396692768e-05
19,1,0.001426152063464182
19,2,0.0011587485515647297
19,3,0.00044567251983286126
19,4,0.0035653801586597853
19,5,0.0007130760317323115
19,6,0.0005348070237993452
19,7,0.0016935555753636285
19,8,0.001960959087263081
19,9,0.0019609590872630813
19,10,0.0024957661110619807
19,11,0.00026740351189989475
19,12,0.0020500935912295655
19,13,0.0013370175594976975
19,14,0.003476245654693299
19,15,0.0012478830555312146
19,16,0.002139228095196048
19,17,0.0
19,18,0.0006239415277658277
19,19,0.9301185488902541
19,20,0.0025849006150284685
19,21,0.0014261520634641829
19,22,0.0006239415277658283
19,23,0.0016935555753636285
19,24,0.0010696140475982465
19,25,0.001960959087263081
19,26,0.0010696140475982465
19,27,0.000980479543631761
19,28,0.0008022105356987953
19,29,0.0028523041269279143
19,30,0.001782690079330115
19,31,0.001782690079330114
19,32,0.0023174971031290153
19,33,0.0003565380158663782
19,34,0.0009804795436317614
19,35,0.002941438630894399
19,36,0.0019609590872630813
19,37,0.0002674035118998947
19,38,0.0015152865674306624
19,39,0.0010696140475982465
19,40,0.0002674035118998947
19,41,0.0003565380158663782
19,42,0.004189321686425167
19,43,0.0013370175594976975
19,44,0.0006239415277658286
19,45,0.0030305731348608824
19,46,0.0002674035118998947
19,47,0.001782690079330115
19,48,0.0
19,49,0.0008022105356987953
20,-4,0.0
20,-3,0.0
20,-2,0.0
20,-1,0.0
20,0,0.0008542952064551001
20,1,0.0008542952064551006
20,2,0.0006644518272429557
20,3,0.0002847650688186629
20,4,0.0025628856193644135
20,5,0.000284765068818663
20,6,0.0010441385856672471
20,7,0.0010441385856672471
20,8,0.003227337446606925
20,9,0.002942572377788708
20,10,0.0017085904129097585
20,11,0.000284765068818663
20,12,0.0026578073089704914
20,13,0.002183198860940119
20,14,0.000284765068818663
20,15,0.004366397721879806
20,16,0.002183198860940119
20,17,0.0018035121025158317
20,18,0.0011390602752733199
20,19,0.00313241575700085
20,20,0.9204556241100886
20,21,0.00303749406739478
20,22,0.0010441385856672476
20,23,0.0015187470336976109
20,24,0.0023730422401522693
20,25,0.0002847650688186629
20,26,0.0005695301376368809
20,27,0.000759373516849028
20,28,0.0023730422401522693
20,29,0.003227337446606926
20,30,0.004366397721879806
20,31,0.0014238253440915362
20,32,0.0005695301376368809
20,33,0.0018035121025158317
20,34,0.0005695301376368809
20,35,0.002088277171334048
20,36,0.0009492168960611742
20,37,0.0009492168960611737
20,38,0.0006644518272429555
20,39,0.003227337446606926
20,40,0.0013289036544854647
20,41,0.0
20,42,0.0030374940673947785
20,43,0.0017085904129097574
20,44,0.0025628856193644143
20,45,0.00047460844803080875
20,46,0.0006644518272429555
20,47,0.0018984337921219036
20,48,0.0012339819648793922
20,49,0.0013289036544854652
21,-4,0.0
21,-3,0.0
21,-2,0.0
21,-1,0.0
21,0,0.0019800113143507653
21,1,0.001131435036772058
21,2,0.002922873844993775
21,3,0.000848576277579154
21,4,0.001791438808222165
21,5,0.0015085800490292616
21,6,0.0003771450122576483
21,7,0.0021685838204793693
21,8,0.00047143126532194906
21,9,0.0031114463511223785
21,10,0.001697152555157866
21,11,0.002922873844993775
21,12,0.00018857250612904603
21,13,0.0014142937959649605
21,14,0.0010371487837077563
21,15,0.0026400150858008745
21,16,0.0024514425796722766
21,17,0.0009428625306434561
21,18,0.0026400150858008737
21,19,0.00047143126532194916
21,20,0.0021685838204793693
21,21,0.9253252875730509
21,22,0.0012257212898363578
21,23,0.0008485762775791542
21,24,0.003488591363379588
21,25,0.0023571563266079716
21,26,9.428625306474507e-05
21,27,0.001320007542900659
21,28,0.0018857250612864644
21,29,0.003394305110315279
21,30,0.0014142937959649605
21,31,0.001320007542900659
21,32,0.0008485762775791542
21,33,0.0017914388082221641
21,34,0.002828587591929478
21,35,0.0021685838204793693
21,36,0.001980011314350766
21,37,0.000848576277579154
21,38,0.000848576277579154
21,39,0.002074297567415068
21,40,0.0005657175183862498
21,41,0.0005657175183862501
21,42,0.0005657175183862501
21,43,0.0016028663020935619
21,44,0.0010371487837077574
21,45,0.0009428625306434558
21,46,0.001508580049029261
21,47,0.0012257212898363569
21,48,0.00028285875919334755
21,49,0.0007542900245148528
22,-4,0.0
22,-3,0.0
22,-2,0.0
22,-1,0.0
22,0,0.0009404683532403359
22,1,0.002257124047776186
22,2,0.0011285620238883154
22,3,0.0022571240477761855
22,4,0.001316655694536295
22,5,0.0031035455656920896
22,6,0.0015987962005082612
22,7,0.0009404683532403363
22,8,0.0025392645537481544
22,9,0.0013166556945362943
22,10,0.0011285620238883159
22,11,0.0005642810119443798
22,12,0.0010345151885643247
22,13,0.0
22,14,0.0
22,15,0.004138060754255967
22,16,0.0017868898711562396
22,17,0.0018809367064802284
22,18,9.404683532443338e-05
22,19,0.0012226088592123046
22,20,0.0001880936706484226
22,21,0.00037618734129640156
22,22,0.9339791216025378
22,23,0.0023511708831001734
22,24,0.0024452177184241656
22,25,0.00047023417662039
22,26,0.0026333113890721423
22,27,0.0039499670836079925
22,28,0.0017868898711562396
22,29,0.003197592401016079
22,30,0.00047023417662039017
22,31,0.0022571240477761855
22,32,0.000282140505972412
22,33,0.0008464215179163468
22,34,0.0003761873412964014
22,35,0.0018809367064802284
22,36,9.404683532443342e-05
22,37,0.0005642810119443795
22,38,0.0007523746825923573
22,39,0.000658327847268368
22,40,0.003197592401016078
22,41,0.0013166556945362943
22,42,0.0001880936706484226
22,43,0.0019749835418042187
22,44,0.0009404683532403372
22,45,0.00018809367064842255
22,46,0.0009404683532403359
22,47,0.0007523746825923575
22,48,0.0008464215179163478
22,49,0.0008464215179163468
23,-4,0.0
23,-3,0.0
23,-2,0.0
23,-1,0.0
23,0,0.0012262415695896275
23,1,0.0039852851011652896
23,2,0.0018393623543842188
23,3,0.002350296341713041
23,4,0.0005109339873292698
23,5,0.0008174943797265658
23,6,0.0007153075822608001
23,7,0.0027590435315761022
23,8,0.0014306151645211566
23,9,0.0018393623543842188
23,10,0.001021867974658097
23,11,0.0016349887594526876
23,12,0.0024524831391788075
23,13,0.001737175556918451
23,14,0.0014306151645211572
23,15,0.0008174943797265658
23,16,0.0010218679746580963
23,17,0.0027590435315761022
23,18,0.0016349887594526871
23,19,0.0019415491518499823
23,20,0.0042918454935625865
23,21,0.0015328019619869231
23,22,0.0019415491518499834
23,23,0.9173308808501731
23,24,0.0016349887594526876
23,25,0.0003065603923977394
23,26,0.0016349887594526876
23,27,0.002043735949315745
23,28,0.0013284283670553904
23,29,0.0011240547721238607
23,30,0.0018393623543842188
23,31,0.0030656039239733983
23,32,0.0014306151645211572
23,33,0.0013284283670553904
23,34,0.00020437359493197458
23,35,0.0031677907214391616
23,36,0.0024524831391788075
23,37,0.0007153075822607999
23,38,0.0016349887594526871
23,39,0.0031677907214391616
23,40,0.0005109339873292692
23,41,0.004189658696096817
23,42,0.0
23,43,0.0016349887594526876
23,44,0.0006131207847950355
23,45,0.0013284283670553898
23,46,0.002452483139178807
23,47,0.0012262415695896282
23,48,0.0008174943797265666
23,49,0.0011240547721238607
24,-4,0.0
24,-3,0.0
24,-2,0.0
24,-1,0.0
24,0,0.0018526142445454855
24,1,0.003602305475504686
24,2,0.002058460271717154
24,3,0.0012350761630304699
24,4,0.0008233841086871283
24,5,0.0
24,6,0.0005146150679296217
24,7,0.0013379991766163063
24,8,0.00030876904075795037
24,9,0.0015438452037879787
24,10,0.002367229312474665
24,11,0.0014409221902021419
24,12,0.00041169205434378643
24,13,0.00010292301358627969
24,14,0.002058460271717154
24,15,0.0006175380815154574
24,16,0.0
24,17,0.0005146150679296217
24,18,0.0023672293124746627
24,19,0.002470152326060497
24,20,0.0018526142445454861
24,21,0.0
24,22,0.001235076163030471
24,23,0.00010292301358627969
24,24,0.9400988060930221
24,25,0.0
24,26,0.0015438452037879787
24,27,0.0014409221902021414
24,28,0.001749691230959648
24,29,0.0009263071222729634
24,30,0.0009263071222729634
24,31,0.0
24,32,0.0008233841086871279
24,33,0.002161383285302991
24,34,0.0010292301358587994
24,35,0.0014409221902021419
24,36,0.0010292301358587994
24,37,0.0016467682173738139
24,38,0.0014409221902021414
24,39,0.0018526142445454861
24,40,0.002881844380403836
24,41,0.0013379991766163063
24,42,0.0029847673939896787
24,43,0.0009263071222729634
24,44,0.0005146150679296223
24,45,0.0013379991766163059
24,46,0.0005146150679296215
24,47,0.0006175380815154574
24,48,0.001646768217373816
24,49,0.0003087690407579505
25,-4,0.0
25,-3,0.0
25,-2,0.0
25,-1,0.0
25,0,0.0015821220211612917
25,1,0.0015821220211612924
25,2,0.002472065658064269
25,3,0.000494413131613209
25,4,0.0003955305052906562
25,5,0.0010877088895485272
25,6,0.00039553050529065605
25,7,0.0027687135370319275
25,8,0.0014832393948387393
25,9,0.0006921783842583149
25,10,0.0012854741421936323
25,11,0.0018787699001289535
25,12,0.0009888262632259752
25,13,0.0019776525264515016
25,14,0.0021754177790966086
25,15,0.000791061010580868
25,16,0.002867596163354482
25,17,0.0
25,18,0.0036586571739349065
25,19,0.0017798872738063985
25,20,0.000791061010580868
25,21,0.00375753980025746
25,22,0.002570948284386826
25,23,0.002274300405419161
25,24,0.0012854741421936316
25,25,0.9206961336892899
25,26,0.0027687135370319275
25,27,0.001384356768516186
25,28,0.0011865915158710818
25,29,0.0014832393948387397
25,30,0.0009888262632259752
25,31,0.0015821220211612917
25,32,0.0019776525264515016
25,33,0.0004944131316132092
25,34,0.0020765351527740547
25,35,0.0014832393948387397
25,36,0.002472065658064269
25,37,0.0029664787896770306
25,38,0.00029664787896810336
25,39,0.00039553050529065605
25,40,0.0028675961633544806
25,41,0.0013843567685161867
25,42,0.0025709482843868244
25,43,0.0012854741421936316
25,44,0.0005932957579357621
25,45,0.0027687135370319266
25,46,0.0008899436369034212
25,47,0.000791061010580868
25,48,0.0026698309107093753
25,49,0.0008899436369034215
26,-4,0.0
26,-3,0.0
26,-2,0.0
26,-1,0.0
26,0,0.003997839005943088
26,1,0.0018368449486767982
26,2,0.0008643976229069629
26,3,0.00313344138303657
26,4,0.001188546731496908
26,5,0.005402485143166177
26,6,0.00464613722312298
26,7,0.0025931928687199985
26,8,0.0021609940572667376
26,9,0.001188546731496907
26,10,0.0008643976229069635
26,11,0.0014046461372235364
26,12,0.0008643976229069629
26,13,0.0004321988114537034
26,14,0.0009724473257702781
26,15,0.0025931928687199985
26,16,0.0
26,17,0.0004321988114537034
26,18,0.0005402485143170188
26,19,0.000540248514317019
26,20,0.0022690437601300545
26,21,0.0029173419773099473
26,22,0.0006482982171803328
26,23,0.0030253916801732616
26,24,0.0021609940572667385
26,25,0.0021609940572667376
26,26,0.9192868719610816
26,27,0.0012965964343602213
26,28,0.001296596434360222
26,29,0.0009724473257702781
26,30,0.000540248514317019
26,31,0.001404646137223536
26,32,0.0020529443544034264
26,33,0.0016207455429501643
26,34,0.0014046461372235364
26,35,0.0
26,36,0.0016207455429501643
26,37,0.0020529443544034256
26,38,0.0008643976229069625
26,39,0.0016207455429501643
26,40,0.0019448946515401094
26,41,0.002809292274446629
26,42,0.0007563479200436485
26,43,0.00010804970286375877
26,44,0.0010804970286335924
26,45,0.0017287952458134776
26,46,0.002377093462993366
26,47,0.0024851431658566864
26,48,0.0010804970286335924
26,49,0.0007563479200436485
27,-4,0.0
27,-3,0.0
27,-2,0.0
27,-1,0.0
27,0,0.0037292349418016966
27,1,0.0010170640750371493
27,2,0.0009040569555886262
27,3,0.0042942705390443155
27,4,0.0012430783139341945
27,5,0.0014690925528312423
27,6,0.002486156627867945
27,7,0.0016951067917282845
27,8,0.0016951067917282839
27,9,0.0023731495084194235
27,10,0.0006780427166915817
27,11,0.00350322070290465
27,12,0.0031641993445590804
27,13,0.0010170640750371493
27,14,0.0031641993445590804
27,15,0.0003390213583460122
27,16,0.0009040569555886262
27,17,0.0007910498361401037
27,18,0.002373149508419422
27,19,0.0011300711944856711
27,20,0.0016951067917282845
27,21,0.0019211210306253309
27,22,0.0037292349418017005
27,23,0.0040682563001472665
27,24,0.00045202847779453494
27,25,0.0031641993445590795
27,26,0.004294270539044316
27,27,0.8979545711379616
27,28,0.0020341281500738544
27,29,0.0007910498361401037
27,30,0.0012430783139341939
27,31,0.0018081139111768083
27,32,0.0007910498361401037
27,33,0.0014690925528312423
27,34,0.0015820996722797635
27,35,0.00350322070290465
27,36,0.0009040569555886262
27,37,0.0016951067917282839
27,38,0.002373149508419422
27,39,0.0025991637473164655
27,40,0.0033902135834561263
27,41,0.004181263419595783
27,42,0.0037292349418016984
27,43,0.004520284777941352
27,44,0.0
27,45,0.0025991637473164646
27,46,0.0009040569555886261
27,47,0.0022601423889709
27,48,0.0005650355972430585
27,49,0.001808113911176809
28,-4,0.0
28,-3,0.0
28,-2,0.0
28,-1,0.0
28,0,0.00023840743831251416
28,1,0.0011920371915607958
28,2,0.0038145190129935677
28,3,0.0004768148766245844
28,4,0.00202646322565304
28,5,0.0015496483490288996
28,6,0.0011920371915607958
28,7,0.0019072595064970048
28,8,0.001430444629872866
28,9,0.0033377041363694257
28,10,0.0025032781022771822
28,11,0.0028608892597452853
28,12,0.0011920371915607958
28,13,0.0009536297532487252
28,14,0.0015496483490288996
28,15,0.0
28,16,0.0010728334724047607
28,17,0.00309929669805736
28,18,0.004529741327929776
28,19,0.0029800929789013204
28,20,0.00309929669805736
28,21,0.002145666944809078
28,22,0.0028608892597452866
28,23,0.003456907855525464
28,24,0.004768148766241853
28,25,0.0013112409107168292
28,26,0.002503278102277181
28,27,0.0
28,28,0.9058290618667104
28,29,0.002264870663965108
28,30,0.0028608892597452853
28,31,0.0013112409107168292
28,32,0.0005960185957806185
28,33,0.0032185004172133906
28,34,0.0008344260340926896
28,35,0.0009536297532487252
28,36,0.00023840743831251426
28,37,0.001549648349028899
28,38,0.0007152223149366532
28,39,0.0011920371915607958
28,40,0.0011920371915607954
28,41,0.0023840743831211454
28,42,0.0015496483490288996
28,43,0.0017880557873409706
28,44,0.002503278102277183
28,45,0.002026463225653038
28,46,0.0027416855405892476
28,47,0.002264870663965108
28,48,0.0022648706639651103
28,49,0.0016688520681849349
29,-4,0.0
29,-3,0.0
29,-2,0.0
29,-1,0.0
29,0,0.0012593016599889695
29,1,0.00034344590727004165
29,2,0.0017172295363484314
29,3,0.0033199771036065465
29,4,0.0016027475672585655
29,5,0.002289639381797761
29,6,0.0019461934745281656
29,7,0.004808242701774811
29,8,0.001946193474528165
29,9,0.0013737836290788332
29,10,0.004350314825415349
29,11,0.002175157412707894
29,12,0.0028620492272470916
29,13,0.002633085289067358
29,14,0.0018317115054382969
29,15,0.0016027475672585646
29,16,0.00457927876359508
29,17,0.002175157412707894
29,18,0.0035489410417862905
29,19,0.003548941041786292
29,20,0.0052661705781342745
29,21,0.002404121350887629
29,22,0.001717229536348432
29,23,0.0028620492272470916
29,24,0.003319977103606548
29,25,0.0046937607326849404
29,26,0.0008013737836295057
29,27,0.002633085289067357
29,28,0.0009158557527193717
29,29,0.8855180309101122
29,30,0.0018317115054382969
29,31,0.0038923869490558767
29,32,0.002175157412707894
29,33,0.0009158557527193717
29,34,0.00125930165998897
29,35,0.005724098454493733
29,36,0.0
29,37,0.0021751574127078935
29,38,0.0013737836290788328
29,39,0.0
29,40,0.0024041213508876266
29,41,0.0024041213508876275
29,42,0.0005724098454497734
29,43,0.002060675443618028
29,44,0.0025186033199774923
29,45,0.003434459072696423
29,46,0.001030337721809238
29,47,0.0010303377218092383
29,48,0.004464796794505214
29,49,0.0006868918145396387
30,-4,0.0
30,-3,0.0
30,-2,0.0
30,-1,0.0
30,0,0.0037712130735390137
30,1,0.0007542426147081594
30,2,0.001382778126964587
30,3,0.003016970458831298
30,4,0.0007542426147081598
30,5,0.0007542426147081594
30,6,0.0002514142049030151
30,7,0.0015084852294158717
30,8,0.003519798868636442
30,9,0.0007542426147081594
30,10,0.0027655562539287298
30,11,0.0030169704588312992
30,12,0.0025141420490261616
30,13,0.0026398491514774427
30,14,0.0012570710245133
30,15,0.001634192331867157
30,16,0.001131363922062016
30,17,0.0003771213073543009
30,18,0.0010056568196107286
30,19,0.002891263356380016
30,20,0.0003771213073543009
30,21,0.0028912633563800173
30,22,0.0018856065367697315
30,23,0.0015084852294158717
30,24,0.0027655562539287285
30,25,0.0015084852294158712
30,26,0.001131363922062016
30,27,0.002388434946574871
30,28,0.003394091766185158
30,29,0.001634192331867157
30,30,0.9035826524198411
30,31,0.002011313639221014
30,32,0.001634192331867157
30,33,0.0035197988686364434
30,34,0.0026398491514774427
30,35,0.0032683846637338687
30,36,0.001634192331867157
30,37,0.0003771213073543007
30,38,0.0022627278441235835
30,39,0.0026398491514774427
30,40,0.0010056568196107286
30,41,0.0012570710245133
30,42,0.0021370207416723025
30,43,0.0006285355122568731
30,44,0.0022627278441235865
30,45,0.0022627278441235835
30,46,0.0006285355122568729
30,47,0.0035197988686364434
30,48,0.005656819610308303
30,49,0.0018856065367697304
31,-4,0.0
31,-3,0.0
31,-2,0.0
31,-1,0.0
31,0,0.0010491803278692736
31,1,0.001967213114754501
31,2,0.0026229508196725206
31,3,0.0014426229508200843
31,4,0.0026229508196725223
31,5,0.003409836065574139
31,6,0.0007868852459020668
31,7,0.002885245901639725
31,8,0.00262295081967252
31,9,0.00091803278688567
31,10,0.0018360655737708973
31,11,0.004983606557377393
31,12,0.0030163934426233325
31,13,0.0010491803278692739
31,14,0.0024918032786889134
31,15,0.0003934426229512549
31,16,0.0005245901639348589
31,17,0.0003934426229512549
31,18,0.00236065573770531
31,19,0.00091803278688567
31,20,0.0013114754098364797
31,21,0.004590163934426573
31,22,0.0017049180327872945
31,23,0.0011803278688528776
31,24,0.0010491803278692739
31,25,0.0031475409836069354
31,26,0.002885245901639725
31,27,0.0006557377049184629
31,28,0.0003934426229512549
31,29,0.0013114754098364797
31,30,0.002229508196721709
31,31,0.9042622950819469
31,32,0.002229508196721709
31,33,0.002229508196721709
31,34,0.00013114754098404778
31,35,0.0027540983606561243
31,36,0.0027540983606561243
31,37,0.0019672131147545
31,38,0.001311475409836479
31,39,0.004065573770492161
31,40,0.0015737704918036863
31,41,0.0031475409836069367
31,42,0.0007868852459020668
31,43,0.00091803278688567
31,44,0.0015737704918036884
31,45,0.003934426229508555
31,46,0.002491803278688913
31,47,0.0011803278688528776
31,48,0.0009180327868856709
31,49,0.0030163934426233325
32,-4,0.0
32,-3,0.0
32,-2,0.0
32,-1,0.0
32,0,0.0016575290067580273
32,1,0.0022950401632032508
32,2,0.0
32,3,0.0022950401632032495
32,4,0.0034425602448046612
32,5,0.001785031238047075
32,6,0.003952569169960837
32,7,0.0002550044625785341
32,8,0.002805049088359435
32,9,0.0003825066938675788
32,10,0.0043350758638279726
32,11,0.0
32,12,0.0024225423944922945
32,13,0.0
32,14,0.0015300267754689836
32,15,0.0031875557822265642
32,16,0.0038250669386717903
32,17,0.0005100089251566244
32,18,0.0
32,19,0.0011475200816018472
32,20,0.0015300267754689836
32,21,0.0016575290067580288
32,22,0.0007650133877347141
32,23,0.0015300267754689836
32,24,0.005482595945429376
32,25,0.0033150580135156062
32,26,0.004335075863827971
32,27,0.004080071401249877
32,28,0.003442560244804659
32,29,0.0028050490883594357
32,30,0.0030600535509375222
32,31,0.00012750223128948923
32,32,0.8990182328190551
32,33,0.001020017850312802
32,34,0.0008925156190237578
32,35,0.0031875557822265642
32,36,0.0035700624760937
32,37,0.002932551319648478
32,38,0.0020400357006251637
32,39,0.001020017850312802
32,40,0.004462578095117012
32,41,0.001020017850312802
32,42,0.0005100089251566244
32,43,0.0
32,44,0.0031875557822265673
32,45,0.0006375111564456686
32,46,0.0008925156190237577
32,47,0.0019125334693361193
32,48,0.0020400357006251668
32,49,0.0036975647073827504
33,-4,0.0
33,-3,0.0
33,-2,0.0
33,-1,0.0
33,0,0.0008372871895064248
33,1,0.004186435947530353
33,2,0.005581914596706998
33,3,0.003070053028189042
33,4,0.0019536701088477366
33,5,0.004465531677365683
33,6,0.002232765838683063
33,7,0.0018141222439300693
33,8,0.0027909572983537126
33,9,0.0004186435947534354
33,10,0.003349148758024373
33,11,0.0037677923527773614
33,12,0.00097683505442409
33,13,0.004744627407201009
33,14,0.0020932179737653987
33,15,0.0011163829193417535
33,16,0.00097683505442409
33,17,0.0015350265140947445
33,18,0.0008372871895064248
33,19,0.0012559307842594175
33,20,0.00544236673178933
33,21,0.0005581914596710991
33,22,0.005023723137036339
33,23,0.0011163829193417535
33,24,0.0012559307842594175
33,25,0.00013954786491810752
33,26,0.0011163829193417535
33,27,0.0006977393245887613
33,28,0.004186435947530353
33,29,0.0018141222439300693
33,30,0.0011163829193417535
33,31,0.0025118615685183893
33,32,0.002232765838683063
33,33,0.8946413619871414
33,34,0.00013954786491810755
33,35,0.001395478649177082
33,36,0.0020932179737653987
33,37,0.002232765838683062
33,38,0.0004186435947534353
33,39,0.0008372871895064251
33,40,0.003209600893106707
33,41,0.00251186156851839
33,42,0.00544236673178933
33,43,0.0032096008931067083
33,44,0.0008372871895064259
33,45,0.0027909572983537126
33,46,0.0006977393245887613
33,47,0.0012559307842594175
33,48,0.0009768350544240908
33,49,0.0020932179737653987
34,-4,0.0
34,-3,0.0
34,-2,0.0
34,-1,0.0
34,0,0.0010096639261507163
34,1,0.0020193278523009924
34,2,0.0028847540747155087
34,3,0.006057983556902081
34,4,0.002740516370979759
34,5,0.00014423770373619746
34,6,0.00014423770373619746
34,7,0.0033174671859227713
34,8,0.0024520409635082493
34,9,0.0033174671859227713
34,10,0.0
34,11,0.005625270445694834
34,12,0.0005769508149434577
34,13,0.0008654262224149642
34,14,0.0038944180008657855
34,15,0.004038655704601534
34,16,0.002307803259772499
34,17,0.005048319630751808
34,18,0.0027405163709797566
34,19,0.0004327131112077042
34,20,0.001875090148565237
34,21,0.0024520409635082514
34,22,0.0017308524448294846
34,23,0.002163565556036747
34,24,0.004038655704601534
34,25,0.0014423770373579764
34,26,0.004904081927016057
34,27,0.003894418000865784
34,28,0.0014423770373579769
34,29,0.004327131112073042
34,30,0.0010096639261507167
34,31,0.003317467185922771
34,32,0.001875090148565237
34,33,0.004182893408337295
34,34,0.8808596567142459
34,35,0.0
34,36,0.00028847540747195104
34,37,0.0007211885186792106
34,38,0.0007211885186792106
34,39,0.0028847540747155087
34,40,0.0010096639261507163
34,41,0.0033174671859227713
34,42,0.004759844223280307
34,43,0.00028847540747195104
34,44,0.0017308524448294853
34,45,0.0007211885186792106
34,46,0.0024520409635082493
34,47,0.0031732294821870204
34,48,0.0041828934083373
34,49,0.004615606519544546
35,-4,0.0
35,-3,0.0
35,-2,0.0
35,-1,0.0
35,0,0.003741007194244972
35,1,0.003741007194244973
35,2,0.005323741007194581
35,3,0.003021582733813327
35,4,0.0041726618705039565
35,5,0.003741007194244973
35,6,0.0015827338129500504
35,7,0.00028776978417310005
35,8,0.0011510791366910666
35,9,0.004316546762590274
35,10,0.00302158273381333
35,11,0.005467625899280903
35,12,0.002158273381295363
35,13,0.002446043165468015
35,14,0.0008633093525184109
35,15,0.004604316546762936
35,16,0.0
35,17,0.0010071942446047387
35,18,0.00172661870503638
35,19,0.0014388489208637242
35,20,0.0011510791366910668
35,21,0.0011510791366910677
35,22,0.0015827338129500515
35,23,0.002446043165468015
35,24,0.003021582733813328
35,25,0.00172661870503638
35,26,0.002446043165468015
35,27,0.002158273381295362
35,28,0.0011510791366910668
35,29,0.00028776978417310005
35,30,0.002446043165468015
35,31,0.00158273381295005
35,32,0.004172661870503954
35,33,0.0
35,34,0.001294964028777393
35,35,0.8755395683453044
35,36,0.0014388489208637242
35,37,0.0058992805755398925
35,38,0.004172661870503952
35,39,0.00604316546762622
35,40,0.0027338129496406725
35,41,0.0011510791366910668
35,42,0.004172661870503954
35,43,0.003597122302158642
35,44,0.0047482014388492665
35,45,0.004316546762590272
35,46,0.00172661870503638
35,47,0.0011510791366910668
35,48,0.0005755395683457563
35,49,0.002302158273381691
36,-4,0.0
36,-3,0.0
36,-2,0.0
36,-1,0.0
36,0,0.0018400802944132494
36,1,0.002341920374707656
36,2,0.001170960187354047
36,3,0.004349280695885259
36,4,0.003011040481766862
36,5,0.0001672800267652448
36,6,0.0035128805620612586
36,7,0.003847440615590862
36,8,0.001003680160589248
36,9,0.0006691201070596469
36,10,0.0
36,11,0.00184008029441325
36,12,0.0026764804282372566
36,13,0.004851120776179667
36,14,0.0030110404817668603
36,15,0.0021746403479428536
36,16,0.0
36,17,0.0035128805620612586
36,18,0.0018400802944132494
36,19,0.0033456005352964584
36,20,0.0013382402141188486
36,21,0.0025092004014724595
36,22,0.0036801605888260648
36,23,0.0021746403479428536
36,24,0.0033456005352964584
36,25,0.003011040481766859
36,26,0.0028437604550020554
36,27,0.0013382402141188482
36,28,0.0060220809635332636
36,29,0.0013382402141188486
36,30,0.005352960856474063
36,31,0.004683840749414856
36,32,0.004014720642355661
36,33,0.0028437604550020554
36,34,0.005185680829709263
36,35,0.0031783205085316587
36,36,0.8660086985613726
36,37,0.000836400133824447
36,38,0.004014720642355659
36,39,0.0031783205085316587
36,40,0.000836400133824447
36,41,0.0035128805620612586
36,42,0.00184008029441325
36,43,0.0026764804282372566
36,44,0.003011040481766863
36,45,0.003178320508531658
36,46,0.0013382402141188482
36,47,0.005520240883238866
36,48,0.0010036801605892492
36,49,0.005018400802944462
37,-4,0.0
37,-3,0.0
37,-2,0.0
37,-1,0.0
37,0,0.001033947957953205
37,1,0.002757194554541143
37,2,0.004997415130105462
37,3,0.003446493193176314
37,4,0.005169739789764247
37,5,0.002240220575564759
37,6,0.002757194554541143
37,7,0.003963467172152697
37,8,0.004135791831811486
37,9,0.004997415130105462
37,10,0.004135791831811489
37,11,0.00017232465965923757
37,12,0.003618817852835108
37,13,0.002240220575564759
37,14,0.001723246596588377
37,15,0.001723246596588377
37,16,0.001723246596588377
37,17,0.003963467172152697
37,18,0.001033947957953205
37,19,0.0018955712562471706
37,20,0.003963467172152697
37,21,0.001723246596588378
37,22,0.00224022057556476
37,23,0.007582285024987352
37,24,0.001723246596588377
37,25,0.0012062726176119965
37,26,0.003963467172152697
37,27,0.002067895915905966
37,28,0.0025848698948823475
37,29,0.0013785972772707904
37,30,0.002757194554541143
37,31,0.001033947957953205
37,32,0.002240220575564759
37,33,0.0034464931931763158
37,34,0.0013785972772707904
37,35,0.0013785972772707904
37,36,0.003101843873858724
37,37,0.8681716353610006
37,38,0.00189557125624717
37,39,0.0025848698948823475
37,40,0.00189557125624717
37,41,0.002412545235223554
37,42,0.0008616232982944114
37,43,0.002240220575564759
37,44,0.005859038428399419
37,45,0.0013785972772707897
37,46,0.004135791831811486
37,47,0.0025848698948823475
37,48,0.0027571945545411458
37,49,0.001723246596588377
38,-4,0.0
38,-3,0.0
38,-2,0.0
38,-1,0.0
38,0,0.0020317694865168395
38,1,0.004063538973033228
38,2,0.004248245289989268
38,3,0.0072035463612858345
38,4,0.005725895825637565
38,5,0.005171776874769452
38,6,0.0024011821204289107
38,7,0.0016623568526047687
38,8,0.005910602142593595
38,9,0.003324713705209088
38,10,0.002401182120428912
38,11,0.007572958995197916
38,12,0.002585888437384943
38,13,0.00628001477650566
38,14,0.005171776874769452
38,15,0.0036941263391211594
38,16,0.005171776874769452
38,17,0.0012929442186926958
38,18,0.0009235315847806241
38,19,0.0007388252678245866
38,20,0.0022164758034728736
38,21,0.001477650535648733
38,22,0.0022164758034728753
38,23,0.0036941263391211594
38,24,0.0031400073882530575
38,25,0.0035094200221651257
38,26,0.0009235315847806245
38,27,0.004432951606945304
38,28,0.0024011821204289107
38,29,0.0014776505356487322
38,30,0.0020317694865168404
38,31,0.004248245289989267
38,32,0.0016623568526047687
38,33,0.003324713705209088
38,34,0.003324713705209088
38,35,0.004987070557813415
38,36,0.0020317694865168404
38,37,0.001847063169560802
38,38,0.8378278537125782
38,39,0.0029553010712970143
38,40,0.00572589582563756
38,41,0.002585888437384943
38,42,0.0031400073882530575
38,43,0.0
38,44,0.0040635389730332315
38,45,0.0033247137052090864
38,46,0.0038788326560771956
38,47,0.0014776505356487322
38,48,0.005356483191725484
38,49,0.0031400073882530575
39,-4,0.0
39,-3,0.0
39,-2,0.0
39,-1,0.0
39,0,0.005033881897386582
39,1,0.004840271055179428
39,2,0.001742497579864879
39,3,0.005421103581800907
39,4,0.002129719264279198
39,5,0.0032913843175221545
39,6,0.000968054211036241
39,7,0.0032913843175221545
39,8,0.0029041626331078323
39,9,0.005033881897386584
39,10,0.00484027105517943
39,11,0.0011616650532434018
39,12,0.0029041626331078336
39,13,0.005614714424008067
39,14,0.0038722168441436347
39,15,0.00038722168441476275
39,16,0.0015488867376577192
39,17,0.0030977734753149934
39,18,0.0017424975798648787
39,19,0.0023233301064863546
39,20,0.0015488867376577192
39,21,0.000580832526621922
39,22,0.002129719264279198
39,23,0.0011616650532434018
39,24,0.0030977734753149934
39,25,0.001936108422072034
39,26,0.0029041626331078336
39,27,0.0005808325266219215
39,28,0.0032913843175221545
39,29,0.005033881897386584
39,30,0.005808325266215224
39,31,0.0046466602129722635
39,32,0.00871248789932261
39,33,0.0025169409486935188
39,34,0.006001936108422388
39,35,0.0029041626331078336
39,36,0.0015488867376577192
39,37,0.0005808325266219215
39,38,0.0029041626331078323
39,39,0.8453049370764569
39,40,0.0029041626331078323
39,41,0.006969990319458183
39,42,0.0030977734753149934
39,43,0.0001936108422076036
39,44,0.005227492739593749
39,45,0.0036786060019364675
39,46,0.0046466602129722635
39,47,0.0025169409486935188
39,48,0.002323330106486357
39,49,0.0030977734753149934
40,-4,0.0
40,-3,0.0
40,-2,0.0
40,-1,0.0
40,0,0.0036131774707761377
40,1,0.0019128586609993418
40,2,0.009139213602550742
40,3,0.006163655685441334
40,4,0.0019128586609993429
40,5,0.00233793836344354
40,6,0.006801275239107635
40,7,0.00510095642933084
40,8,0.00425079702444244
40,9,0.002125398512221439
40,10,0.001700318809777242
40,11,0.0
40,12,0.0
40,13,0.006801275239107635
40,14,0.00233793836344354
40,15,0.0010626992561109428
40,16,0.006163655685441336
40,17,0.005313496280552934
40,18,0.0023379383634435386
40,19,0.00510095642933084
40,20,0.0014877789585551412
40,21,0.001700318809777242
40,22,0.003188097768331942
40,23,0.0034006376195540398
40,24,0.006588735387885537
40,25,0.004038257173220333
40,26,0.0076514346439960365
40,27,0.0010626992561109422
40,28,0.00318809776833194
40,29,0.00318809776833194
40,30,0.005951115834219234
40,31,0.003400637619554038
40,32,0.0012752391073330431
40,33,0.0029755579171098384
40,34,0.006376195536663433
40,35,0.0029755579171098384
40,36,0.0010626992561109428
40,37,0.0014877789585551406
40,38,0.0012752391073330425
40,39,0.006163655685441336
40,40,0.8242295430393015
40,41,0.008076514346440241
40,42,0.002125398512221439
40,43,0.0014877789585551412
40,44,0.003188097768331943
40,45,0.0051009564293308385
40,46,0.004463336875664539
40,47,0.00318809776833194
40,48,0.0008501594048888447
40,49,0.004675876726886645
41,-4,0.0
41,-3,0.0
41,-2,0.0
41,-1,0.0
41,0,0.0047571357035556695
41,1,0.0007511266900354802
41,2,0.005508262393590706
41,3,0.0017526289434155293
41,4,0.005508262393590709
41,5,0.0010015022533804915
41,6,0.00625938908362575
41,7,0.0012518778167255043
41,8,0.006009013520280728
41,9,0.004006009013520631
41,10,0.0020030045067605433
41,11,0.0
41,12,0.00876314471707586
41,13,0.007010515773660789
41,14,0.004006009013520631
41,15,0.0072608913370057855
41,16,0.0020030045067605425
41,17,0.0042563845768656475
41,18,0.004506760140210654
41,19,0.003755633450175623
41,20,0.00625938908362575
41,21,0.0005007511266904686
41,22,0.00300450676014059
41,23,0.005758637956935711
41,24,0.0020030045067605425
41,25,0.0020030045067605416
41,26,0.007511266900350811
41,27,0.0017526289434155293
41,28,0.0032548823234856013
41,29,0.006509764646970756
41,30,0.004506760140210657
41,31,0.0037556334501756216
41,32,0.0
41,33,0.0015022533800705157
41,34,0.003755633450175623
41,35,0.006760140210315761
41,36,0.0035052578868306076
41,37,0.008262393590385836
41,38,0.004256384576865647
41,39,0.003004506760140588
41,40,0.007010515773660787
41,41,0.8009514271406935
41,42,0.006509764646970756
41,43,0.004757135703555671
41,44,0.006009013520280737
41,45,0.0002503755633454563
41,46,0.005508262393590704
41,47,0.0012518778167255043
41,48,0.0030045067601405908
41,49,0.006509764646970756
42,-4,0.0
42,-3,0.0
42,-2,0.0
42,-1,0.0
42,0,0.00801710315339416
42,1,0.004008551576697313
42,2,0.0037413148049175162
42,3,0.007215392838054795
42,4,0.002137894174238772
42,5,0.0034740780331377254
42,6,0.00587920897915585
42,7,0.00587920897915585
42,8,0.002405130946018559
42,9,0.005611972207376055
42,10,0.006146445750935642
42,11,0.006948156066275007
42,12,0.007215392838054797
42,13,0.006413682522715425
42,14,0.004543025120256887
42,15,0.000267236771780235
42,16,0.0034740780331377254
42,17,0.0034740780331377254
42,18,0.0018706574024589813
42,19,0.002672367717798358
42,20,0.008284339925173963
42,21,0.0013361838588993999
42,22,0.004008551576697315
42,23,0.002672367717798358
42,24,0.0024051309460185605
42,25,0.004275788348477101
42,26,0.005344735435596262
42,27,0.007749866381614389
42,28,0.0037413148049175162
42,29,0.002939604489578148
42,30,0.009086050240513335
42,31,0.007215392838054795
42,32,0.0024051309460185605
42,33,0.0048102618920366855
42,34,0.0021378941742387705
42,35,0.005344735435596262
42,36,0.006413682522715425
42,37,0.002405130946018559
42,38,0.0013361838588993986
42,39,0.000267236771780235
42,40,0.002939604489578147
42,41,0.002939604489578148
42,42,0.7998396579369143
42,43,0.0034740780331377254
42,44,0.0
42,45,0.0010689470871196077
42,46,0.004008551576697311
42,47,0.0037413148049175162
42,48,0.003474078033137729
42,49,0.002939604489578148
43,-4,0.0
43,-3,0.0
43,-2,0.0
43,-1,0.0
43,0,0.0036177268616223116
43,1,0.003316249623153825
43,2,0.006632499246307192
43,3,0.012059089538739992
43,4,0.008441362677118144
43,5,0.005426590292433244
43,6,0.0030147723846853346
43,7,0.007838408200181161
43,8,0.006029544769370219
43,9,0.0009044317154059109
43,10,0.0006029544769374226
43,11,0.004220681338559285
43,12,0.003919204100090803
43,13,0.002713295146216848
43,14,0.011456135061803034
43,15,0.004823635815496261
43,16,0.002713295146216848
43,17,0.006331022007838712
43,18,0.006933976484775692
43,19,0.0015073861923428891
43,20,0.009345794392523605
43,21,0.010551703346397559
43,22,0.0012059089538743993
43,23,0.007536930961712675
43,24,0.006331022007838712
43,25,0.004522158577027774
43,26,0.004220681338559285
43,27,0.0003014772384689333
43,28,0.007536930961712675
43,29,0.008139885438649647
43,30,0.006933976484775695
43,31,0.003919204100090801
43,32,0.003617726861622313
43,33,0.0021103406692798677
43,34,0.003919204100090803
43,35,0.002713295146216848
43,36,0.0030147723846853346
43,37,0.006029544769370219
43,38,0.00633102200783871
43,39,0.003919204100090803
43,40,0.005426590292433241
43,41,0.0021103406692798677
43,42,0.0015073861923428891
43,43,0.7591196864636549
43,44,0.00211034066927987
43,45,0.004522158577027774
43,46,0.011757612300271503
43,47,0.0021103406692798677
43,48,0.006029544769370228
43,49,0.0006029544769374221
44,-4,0.0
44,-3,0.0
44,-2,0.0
44,-1,0.0
44,0,0.003299241174530224
44,1,0.0039590894094361844
44,2,0.0032992411745302254
44,3,0.008248102936324907
44,4,0.0
44,5,0.005938634114154052
44,6,0.008907951171230867
44,7,0.0
44,8,0.005938634114154049
44,9,0.007258330583965972
44,10,0.005278785879248105
44,11,0.005608709996701083
44,12,0.0036291652919832095
44,13,0.006268558231607037
44,14,0.002639392939624272
44,15,0.002309468822171294
44,16,0.007258330583965972
44,17,0.0013196964698123583
44,18,0.012867040580666587
44,19,0.0016496205872653378
44,20,0.0036291652919832095
44,21,0.004948861761795126
44,22,0.0029693170570772543
44,23,0.005938634114154052
44,24,0.004948861761795122
44,25,0.005938634114154049
44,26,0.0036291652919832095
44,27,0.008907951171230862
44,28,0.007918178818871925
44,29,0.0039590894094361844
44,30,0.002309468822171294
44,31,0.004289013526889169
44,32,0.00956779940613681
44,33,0.0052787858792481025
44,34,0.015176509402837454
44,35,0.005608709996701083
44,36,0.0019795447047183177
44,37,0.009897723523589802
44,38,0.009237875288683844
44,39,0.007918178818871925
44,40,0.0049488617617951215
44,41,0.012867040580666593
44,42,0.005608709996701083
44,43,0.002309468822171294
44,44,0.7248432860441939
44,45,0.003299241174530224
44,46,0.009567799406136807
44,47,0.005938634114154052
44,48,0.007258330583965978
44,49,0.0036291652919832095
45,-4,0.0
45,-3,0.0
45,-2,0.0
45,-1,0.0
45,0,0.00277227722772315
45,1,0.006336633663366648
45,2,0.0106930693069309
45,3,0.011089108910891276
45,4,0.003960396039604317
45,5,0.009108910891089358
45,6,0.008316831683168574
45,7,0.0003960396039608314
45,8,0.005148514851485478
45,9,0.008316831683168574
45,10,0.006336633663366651
45,11,0.003168316831683539
45,12,0.003960396039604314
45,13,0.007524752475247802
45,14,0.003168316831683539
45,15,0.009900990099010111
45,16,0.006732673267327023
45,17,0.003960396039604314
45,18,0.0067326732673270205
45,19,0.011485148514851686
45,20,0.004752475247525093
45,21,0.003960396039604317
45,22,0.005544554455445872
45,23,0.0015841584158419943
45,24,0.01029702970297051
45,25,0.0067326732673270205
45,26,0.0035643564356439266
45,27,0.009504950495049732
45,28,0.004752475247525093
45,29,0.005544554455445868
45,30,0.002376237623762767
45,31,0.0003960396039608312
45,32,0.009108910891089358
45,33,0.005148514851485479
45,34,0.009108910891089358
45,35,0.017029702970297097
45,36,0.011881188118812051
45,37,0.010693069306930897
45,38,0.005544554455445866
45,39,0.002376237623762767
45,40,0.009504950495049732
45,41,0.008316831683168574
45,42,0.003168316831683539
45,43,0.005148514851485479
45,44,0.003168316831683542
45,45,0.68554455445543
45,46,0.0031683168316835376
45,47,0.004356435643564708
45,48,0.009108910891089367
45,49,0.009504950495049737
46,-4,0.0
46,-3,0.0
46,-2,0.0
46,-1,0.0
46,0,0.005633802816901729
46,1,0.002816901408451086
46,2,0.008920187793427476
46,3,0.010328638497652805
46,4,0.005633802816901733
46,5,0.004694835680751515
46,6,0.006103286384976834
46,7,0.008920187793427476
46,8,0.008450704225352377
46,9,0.0014084507042257653
46,10,0.011267605633803026
46,11,0.010798122065727916
46,12,0.004694835680751515
46,13,0.0070422535211270565
46,14,0.009859154929577695
46,15,0.002816901408451086
46,16,0.013615023474178565
46,17,0.009859154929577695
46,18,0.015023474178403851
46,19,0.0037558685446012962
46,20,0.009389671361502584
46,21,0.0009389671361506595
46,22,0.003755868544601299
46,23,0.015023474178403856
46,24,0.010328638497652809
46,25,0.008920187793427473
46,26,0.011267605633803017
46,27,0.003755868544601295
46,28,0.010328638497652809
46,29,0.0037558685446012962
46,30,0.0014084507042257653
46,31,0.006103286384976831
46,32,0.007511737089202166
46,33,0.0
46,34,0.0037558685446012962
46,35,0.004694835680751515
46,36,0.0037558685446012962
46,37,0.007511737089202162
46,38,0.007511737089202162
46,39,0.006103286384976834
46,40,0.00798122065727726
46,41,0.0
46,42,0.004694835680751515
46,43,0.010328638497652809
46,44,0.011737089201878121
46,45,0.008920187793427473
46,46,0.6474178403755723
46,47,0.008920187793427476
46,48,0.015023474178403868
46,49,0.007511737089202166
47,-4,0.0
47,-3,0.0
47,-2,0.0
47,-1,0.0
47,0,0.005053340819764514
47,1,0.009545199326221466
47,2,0.0
47,3,0.0
47,4,0.002807411566536038
47,5,0.0005614823133075628
47,6,0.0011229646266146822
47,7,0.015721504772599766
47,8,0.004491858506457393
47,9,0.016282987085906895
47,10,0.002807411566536038
47,11,0.01796743402582826
47,12,0.007299270072992985
47,13,0.006176305446378756
47,14,0.015721504772599766
47,15,0.010106681639528577
47,16,0.006176305446378756
47,17,0.01516002245929265
47,18,0.014037057832678404
47,19,0.003930376193150271
47,20,0.012352610892757061
47,21,0.004491858506457397
47,22,0.0
47,23,0.011229646266142802
47,24,0.008983717012914352
47,25,0.002807411566536035
47,26,0.0011229646266146822
47,27,0.01179112857944993
47,28,0.007860752386300105
47,29,0.0067377877596858735
47,30,0.008983717012914352
47,31,0.007860752386300103
47,32,0.016844469399214024
47,33,0.006176305446378756
47,34,0.010106681639528577
47,35,0.006176305446378756
47,36,0.01403705783267841
47,37,0.012914093206064159
47,38,0.0
47,39,0.0067377877596858735
47,40,0.0112296462661428
47,41,0.011791128579449934
47,42,0.027512633352049242
47,43,0.0
47,44,0.007860752386300112
47,45,0.0112296462661428
47,46,0.008422234699607224
47,47,0.5929253228523176
47,48,0.002807411566536039
47,49,0.01403705783267841
48,-4,0.0
48,-3,0.0
48,-2,0.0
48,-1,0.0
48,0,0.014731369150780013
48,1,0.019064124783362228
48,2,0.0008665511265168891
48,3,0.008665511265164906
48,4,0.0060658578856155705
48,5,0.003466204506066223
48,6,0.0
48,7,0.02339688041594448
48,8,0.01039861351819779
48,9,0.019064124783362228
48,10,0.0060658578856155705
48,11,0.01646447140381293
48,12,0.008665511265164908
48,13,0.0008665511265168891
48,14,0.005199306759099124
48,15,0.025129982668977334
48,16,0.019064124783362228
48,17,0.009532062391681351
48,18,0.014731369150780013
48,19,0.012998266897747128
48,20,0.012131715771230666
48,21,0.02079722703639514
48,22,0.0
48,23,0.015597920277296472
48,24,0.009532062391681351
48,25,0.012131715771230662
48,26,0.006932409012132015
48,27,0.011265164644714243
48,28,0.0
48,29,0.008665511265164908
48,30,0.02772963604852669
48,31,0.023396880415944468
48,32,0.009532062391681351
48,33,0.010398613518197793
48,34,0.006065857885615567
48,35,0.011265164644714248
48,36,0.017331022530329365
48,37,0.018197573656845788
48,38,0.0077989601386484675
48,39,0.019930675909878688
48,40,0.011265164644714243
48,41,0.02339688041594448
48,42,0.0
48,43,0.02599653379549378
48,44,0.0
48,45,0.0
48,46,0.026863084922010224
48,47,0.012998266897747128
48,48,0.41507798960137815
48,49,0.011265164644714248
49,-4,0.0
49,-3,0.0
49,-2,0.0
49,-1,0.0
49,0,0.0630011454753713
49,1,0.006872852233677263
49,2,0.024054982817869313
49,3,0.03665521191294347
49,4,0.014891179839633556
49,5,0.024054982817869313
49,6,0.022909507445589863
49,7,0.030927835051546126
49,8,0.01947308132875143
49,9,0.006872852233677263
49,10,0.043528064146620346
49,11,0.0034364261168388583
49,12,0.0
49,13,0.019473081328751436
49,14,0.03780068728522296
49,15,0.018327605956471968
49,16,0.00916380297823621
49,17,0.014891179839633548
49,18,0.002290950744559387
49,19,0.04352806414662032
49,20,0.026345933562428252
49,21,0.020618556701030924
49,22,0.018327605956471975
49,23,0.028636884306987187
49,24,0.018327605956471968
49,25,0.016036655211913026
49,26,0.022909507445589863
49,27,0.003436426116838857
49,28,0.026345933562428252
49,29,0.013745704467354099
49,30,0.010309278350515684
49,31,0.022909507445589852
49,32,0.006872852233677263
49,33,0.026345933562428252
49,34,0.025200458190148788
49,35,0.01718213058419252
49,36,0.006872852233677263
49,37,0.0
49,38,0.021764032073310378
49,39,0.013745704467354099
49,40,0.010309278350515682
49,41,0.027491408934707733
49,42,0.036655211912943485
49,43,0.016036655211913033
49,44,0.010309278350515694
49,45,0.03550973654066401
49,46,0.02863688430698718
49,47,0.016036655211913033
49,48,0.010309278350515694
49,49,0.020618556701030914
-2,-4,0.24728888888888598
-2,-3,0.25439999999999713
-2,-2,0.24927999999999725
-2,-1,0.24903111111110848
-2,0,0.0
-2,1,0.0
-2,2,0.0
-2,3,0.0
-2,4,0.0
-2,5,0.0
-2,6,0.0
-2,7,0.0
-2,8,0.0
-2,9,0.0
-2,10,0.0
-2,11,0.0
-2,12,0.0
-2,13,0.0
-2,14,0.0
-2,15,0.0
-2,16,0.0
-2,17,0.0
-2,18,0.0
-2,19,0.0
-2,20,0.0
-2,21,0.0
-2,22,0.0
-2,23,0.0
-2,24,0.0
-2,25,0.0
-2,26,0.0
-2,27,0.0
-2,28,0.0
-2,29,0.0
-2,30,0.0
-2,31,0.0
-2,32,0.0
-2,33,0.0
-2,34,0.0
-2,35,0.0
-2,36,0.0
-2,37,0.0
-2,38,0.0
-2,39,0.0
-2,40,0.0
-2,41,0.0
-2,42,0.0
-2,43,0.0
-2,44,0.0
-2,45,0.0
-2,46,0.0
-2,47,0.0
-2,48,0.0
-2,49,0.0
-4,-4,0.2507129528570897
-4,-3,0.2555011794528718
-4,-2,0.25173397176354345
-4,-1,0.24205189592648407
-4,0,0.0
-4,1,0.0
-4,2,0.0
-4,3,0.0
-4,4,0.0
-4,5,0.0
-4,6,0.0
-4,7,0.0
-4,8,0.0
-4,9,0.0
-4,10,0.0
-4,11,0.0
-4,12,0.0
-4,13,0.0
-4,14,0.0
-4,15,0.0
-4,16,0.0
-4,17,0.0
-4,18,0.0
-4,19,0.0
-4,20,0.0
-4,21,0.0
-4,22,0.0
-4,23,0.0
-4,24,0.0
-4,25,0.0
-4,26,0.0
-4,27,0.0
-4,28,0.0
-4,29,0.0
-4,30,0.0
-4,31,0.0
-4,32,0.0
-4,33,0.0
-4,34,0.0
-4,35,0.0
-4,36,0.0
-4,37,0.0
-4,38,0.0
-4,39,0.0
-4,40,0.0
-4,41,0.0
-4,42,0.0
-4,43,0.0
-4,44,0.0
-4,45,0.0
-4,46,0.0
-4,47,0.0
-4,48,0.0
-4,49,0.0
-3,-4,0.2496623302765308
-3,-3,0.2501599488163759
-3,-2,0.2482405630198309
-3,-1,0.2519371578872513
-3,0,0.0
-3,1,0.0
-3,2,0.0
-3,3,0.0
-3,4,0.0
-3,5,0.0
-3,6,0.0
-3,7,0.0
-3,8,0.0
-3,9,0.0
-3,10,0.0
-3,11,0.0
-3,12,0.0
-3,13,0.0
-3,14,0.0
-3,15,0.0
-3,16,0.0
-3,17,0.0
-3,18,0.0
-3,19,0.0
-3,20,0.0
-3,21,0.0
-3,22,0.0
-3,23,0.0
-3,24,0.0
-3,25,0.0
-3,26,0.0
-3,27,0.0
-3,28,0.0
-3,29,0.0
-3,30,0.0
-3,31,0.0
-3,32,0.0
-3,33,0.0
-3,34,0.0
-3,35,0.0
-3,36,0.0
-3,37,0.0
-3,38,0.0
-3,39,0.0
-3,40,0.0
-3,41,0.0
-3,42,0.0
-3,43,0.0
-3,44,0.0
-3,45,0.0
-3,46,0.0
-3,47,0.0
-3,48,0.0
-3,49,0.0
-1,-4,0.2536005675771521
-1,-3,0.24757006030506995
-1,-2,0.25523235189783333
-1,-1,0.24359702021993357
-1,0,0.0
-1,1,0.0
-1,2,0.0
-1,3,0.0
-1,4,0.0
-1,5,0.0
-1,6,0.0
-1,7,0.0
-1,8,0.0
-1,9,0.0
-1,10,0.0
-1,11,0.0
-1,12,0.0
-1,13,0.0
-1,14,0.0
-1,15,0.0
-1,16,0.0
-1,17,0.0
-1,18,0.0
-1,19,0.0
-1,20,0.0
-1,21,0.0
-1,22,0.0
-1,23,0.0
-1,24,0.0
-1,25,0.0
-1,26,0.0
-1,27,0.0
-1,28,0.0
-1,29,0.0
-1,30,0.0
-1,31,0.0
-1,32,0.0
-1,33,0.0
-1,34,0.0
-1,35,0.0
-1,36,0.0
-1,37,0.0
-1,38,0.0
-1,39,0.0
-1,40,0.0
-1,41,0.0
-1,42,0.0
-1,43,0.0
-1,44,0.0
-1,45,0.0
-1,46,0.0
-1,47,0.0
-1,48,0.0
-1,49,0.0
